codigo_banco,codigo_agencia,nome_agencia,estado,codigo_cidade,digito_agencia
1;16;BCO.BRASIL AG 0016-7 - FLORIANOPOLIS;RS;431410;7
1;29;GUARAPUAVA;RS;431410;9
1;30;BCO.BRASIL AG 30-2 - PONTA GROSSA - PR;RS;431410;2
1;34;BAGE;RS;431410;5
1;35;LIVRAMENTO;RS;431410;3
1;38;BANCO BRASIL-AG 0038-8 JOINVILLE;RS;431410;8
1;42;CACHOEIRA DO SU;RS;431410;6
1;45;URUGUAIANA;RS;431410;0
1;48;FARROUPILHA;RS;431410;6
1;84;RIO GRANDE;RS;431410;1
1;89;CAXIAS DO SUL;RS;431410;2
1;92;PASSO FUNDO;RS;431410;2
1;126;SANTA MARIA;RS;431410;0
1;132;ERECHIM;RS;431410;5
1;138;SANTO ANGELO;RS;431410;4
1;139;LAJEADO;RS;431410;2
1;144;ALEGRETE;RS;431410;9
1;147;JAGUARAO;RS;431410;3
1;153;SAO GABRIEL;RS;431410;8
1;169;BCO.BRASIL AG 169-4- QUARAI;RS;431410;4
1;170;VACARIA;RS;431410;8
1;180;SANTA CRUZ;RS;431410;5
1;181;BENTO GONCALVES;RS;431410;3
1;182;BCO.BRASIL AG 182-1 - IRATI;RS;431410;1
1;185;SAO LEOPOLDO;RS;431410;6
1;187;SAO BORJA;RS;431410;2
1;192;CAMAQUA;RS;431410;9
1;193;BCO.BRASIL AG 193-7 - CRUZ ALTA;RS;431410;7
1;195;DOM PEDRITO;RS;431410;3
1;201;TUBARAO;RS;431410;1
1;206;MAFRA;RS;431410;2
1;217;BCO.BRASIL AG 217-8 - UNIÃO DA VITORIA PR;RS;431410;8
1;235;BCO.BRASIL AG 0235-6 - STA.VITORIA PALMAR;RS;431410;6
1;237;BANCO SICREDI - AG 237 FREDERICO;RS;431410;
1;263;BCO.BRASIL AG 263-1 TAPES;RS;431410;1
1;271;ITAQUI;RS;431410;2
1;299;BCO.BRASIL AG 299-2 - GUARAPUAVA;RS;431410;2
1;304;RIO PARDO;RS;431410;2
1;305;ITAJAI;RS;431410;0
1;307;LAGES;RS;431410;7
1;318;MONTENEGRO;RS;431410;2
1;321;CHAPECO;RS;431410;2
1;327;BCO.BRASIL AG 327-1 - SAO LOURENÇO DO SUL;RS;431410;1
1;330;ROSARIO DO SUL;RS;431410;1
1;337;TUPANCIRETA;RS;431410;9
1;338;ARROIO GRANDE;RS;431410;7
1;339;SANTA ROSA;RS;431410;5
1;342;GUAIBA;RS;431410;5
1;343;CANOINHAS;RS;431410;3
1;353;SANTIAGO;RS;431410;0
1;358;CARAZINHO;RS;431410;1
1;362;PALMEIRA/FREDER;RS;431410;X
1;363;BCO.BRASIL AG - 363-8 - LAGOA VERMELHA;RS;431410;8
1;369;BCO.BRASIL AG 369-7-STO.ANTONIO DA PATRULHA;RS;431410;7
1;371;IJUI;RS;431410;9
1;375;CAÇADOR;RS;431410;1
1;403;BCO.BRASIL AG 403-0 -VIDEIRA - SC;RS;431410;0
1;406;CAMPO MOURAO;RS;431410;5
1;407;CRICIUMA;RS;431410;3
1;409;BCO.BRASIL AG 409-X - NOVA PRATA;RS;431410;X
1;410;BCO.BRASIL AG 410-3 - CONCORDIA;RS;431410;3
1;416;BCO.BRASIL AG - 416-2 - TAQUARA - RS;RS;431410;2
1;423;BANCO DO BRASIL AG- 423-5 - ENCANTADO;RS;431410;5
1;424;BCO.BRASIL AG 724-2 - SAO FCO.DE PAULA;RS;431410;2
1;430;ESTRELA;RS;431410;8
1;431;GUAPORE;RS;431410;6
1;437;SAO L GONZAGA;RS;431410;5
1;444;BCO.BRASIL AG 444-8- GETULIO VARGAS;RS;431410;8
1;453;BCO.BRASIL AG-0453-7 AGUDO;RS;431410;7
1;457;TRES PASSOS;RS;431410;X
1;465;BCO.BRASIL AGENCIA - 0465-0 - GARIBALDI;RS;431410;0
1;479;CANOAS;RS;431410;0
1;485;BCO.BRASIL AG. 485-5 - CASTRO - PARANA;RS;431410;5
1;488;SAO SEPE;RS;431410;X
1;490;BCO.BRASIL AG- 490-1 - SOLEDADE - RS;RS;431410;1
1;495;PATO BRANCO;RS;431410;2
1;500;BCO.BRASIL AG - 500-2 - SÃO GERONIMO;RS;431410;2
1;501;BANCO DO BRASIL AG 501-0 - SARANDI;RS;431410;0
1;509;BCO.BRASIL AGENCIA - 0509-6 - NOVA ESPERANCA;RS;431410;6
1;517;CURITIBANOS;RS;431410;7
1;531;BCO.BRASIL - AG - 0531-2 - CASCAVEL - PR;RS;431410;2
1;561;SAO FRANCISCO;RS;431410;4
1;575;BCO.BRASIL AG - 575-4 - GRAMADO - RS;RS;431410;4
1;586;XANXERE;RS;431410;X
1;599;BCO.BRASIL AG - 0599-1- SAO MIGUEL DO OESTE - SC;RS;431410;1
1;604;BCO.BRASIL AG 604-1 - VERANOPOLIS- RS;RS;431410;1
1;615;BCO.BRASIL AG 615-7 - PALMAS;RS;431410;7
1;616;FCO BELTRA;RS;431410;5
1;617;BCO.BRASIL AG 617-3 - CANGUCU;RS;431410;3
1;619;BCO.BRASIL AG 619-X - JULIO DE CASTILHOS;RS;431410;X
1;626;BANCO DO BRASIL AG 626-2 CANDELARIA;RS;431410;2
1;628;BCO.BRASIL AG 628-9 - VIAMÃO;RS;431410;9
1;653;BCO.BRASIL AG- 653-X - SAPIRANGA - RS;RS;431410;X
1;655;BCO.BRASIL AG 655-6 - SAO MATEUS DO SUL-PR;RS;431410;6
1;656;BCO.BRASIL - AGENCIA -656-4 SÃO JOAQUIM - SC;RS;431410;4
1;665;BCO.BRASIL AG: 0665-3 - TELEMACO BORBA - PR;RS;431410;3
1;669;BANCO BRASIL AG-669-6 ANTONIO PRADO;RS;431410;6
1;670;CACAPAVA DO SUL;RS;431410;X
1;671;TAQUARI;RS;431410;8
1;672;BCO.BRASIL AG 672-6 - VENANCIO AIRES;RS;431410;6
1;677;IBIRUBA;RS;431410;7
1;678;BCO.BRASIL AG - 678-5 - TAPERA - RS;RS;431410;5
1;679;BANCO DO BRASIL AG - 679-3 - CERRO LARGO;RS;431410;3
1;680;FREDERICO;RS;431410;7
1;682;TRES DE MAIO;RS;431410;3
1;685;BCO.BRASIL AG 0685-8 - CAMPOS NOVOS;RS;431410;8
1;694;BCO.BRASIL AG 694-7 OSORIO;RS;431410;7
1;705;GIRUA;RS;431410;6
1;707;BCO.BRASIL AG- 707-2 - FAXINAL DO SOTURNO;RS;431410;2
1;709;BCO.BRASIL AG 709-9 - PANAMBI;RS;431410;9
1;723;BCO.DO BRASIL AG- 0723-4 - PINHEIRO MACHADO;RS;431410;4
1;724;BCO.BRASIL AG 724-2 - SAO FCO.DE PAULA;RS;431410;2
1;725;FLORES DA CUNHA;RS;431410;0
1;726;MARAU;RS;431410;9
1;731;BCO BRASIL AG 731 - 5 SANANDUVA;RS;431410;5
1;732;BCO.BRASIL AG 732-3 - AGENCIA STO.AUGUSTO;RS;431410;3
1;734;BCO.BRASIL AG 734-X - LARANJEIRAS DO SUL;RS;431410;X
1;745;CACEQUI;RS;431410;5
1;747;BCO.BRASIL AG 747-1 - UBIRATÃ - PR;RS;431410;1
1;764;ESTEIO;RS;431410;1
1;777;BCO.BRASIL AG - 777-3 - SÃO LOURENÇO OESTE;RS;431410;3
1;790;BCO.BRASIL AG: 790-0 - ESPUMOSO - RS;RS;431410;0
1;795;HORIZONTINA;RS;431410;1
1;797;BCO.BRASIL AG - 0797-8 ITAIOPOLIS - SC;RS;431410;8
1;805;BCO.BRASIL AG - 805-2 STO.ANTONIO DO SUDOESTE - PR;RS;431410;2
1;807;BCO.BRASIL AG 0807-9 -SAO SEBAST.DO CAI;RS;431410;9
1;808;BCO.BRASIL AG - 0808-7 - SOBRADINHO - RS;RS;431410;7
1;839;BCO.BRASIL AG- 839-7 - NÃO ME TOQUE;RS;431410;7
1;843;BCO.BRASIL - AGENCIA 843-5 -CLEVELANDIA;RS;431410;5
1;855;BCO.BRASIL AG 855-9 JAGUARI;RS;431410;9
1;858;BCO.BRASIL 858-3 - MARAVILHA SC;RS;431410;3
1;864;BCO.BRASIL AG 864-8 NONOAI;RS;431410;8
1;868;BCO.BRASIL AG 868-0 - RESTINGA SECA;RS;431410;0
1;871;BANCO DO BRASIL AG-871-0 STA.BARBARA DO SUL;RS;431410;0
1;874;SAO P DO SUL;RS;431410;5
1;876;BANCO DO BRASIL AG 876-1 - TAPEJARA;RS;431410;1
1;877;BANCO DO BRASIL- AG 877-X TENENTE PORTELA;RS;431410;X
1;879;BANCO BRASIL AGENCIA-0879 - SAO SEBASTIAO DO CAI;RS;431410;
1;883;BCO.BRASIL AG - 883-4 - GRAVATAI - RS;RS;431410;4
1;885;SAO MARCOS;RS;431410;0
1;907;BCO.BRASIL AG 907-5 - CAPANEMA PR;RS;431410;5
1;919;DOIS VIZINHOS;RS;431410;9
1;957;BCO.BRASIL AG - 957-1 - PALMEIRA - PR;RS;431410;1
1;966;BCO.BRASIL AG - 0966-0 - PIRATINI - RS;RS;431410;0
1;972;BCO.BRASIL AG: 972-5 - PRUDENTOPOLIS - PR;RS;431410;5
1;996;XAXIM;RS;431410;2
1;1055;BARRACAO;RS;431410;3
1;1188;BCO.BRASIL AG 1188-6 - IGREJINHA;RS;431410;6
1;1248;BCO.BRASIL AG-1248-3 - AZENHA;RS;431410;3
1;1249;BCO.BRASIL AG 1249-1 - CAMINHO DO MEIO RS;RS;431410;1
1;1276;BCO.BRASIL AG - 1276-9 - VOL.DA PÁTRIA - POA;RS;431410;9
1;1292;CXA.FEDERAL AG 1292-AGUDO;RS;431410;
1;1355;BANCO DO BRASIL AG 1355-2 PIRAI DO SUL;RS;431410;2
1;1367;BANCO DO BRASIL AGENCIA - 1367-6-BOA VISTA DO BURICA;RS;431410;6
1;1368;BCO.BRASIL AG 1368-4 - BUTIA -RS;RS;431410;4
1;1371;BCO.BRASIL AG - 1371-4 CONSTANTINA - RS;RS;431410;4
1;1372;BCO.BRASIL AG 1372-2 - CRISSIUMAL - RS;RS;431410;2
1;1373;BCO.BRASIL AG - 1373-0 - MACHADINHO - RS;RS;431410;0
1;1376;BANCO DO BRASIL AG - 1376-5 - RONDA ALTA - RS;RS;431410;5
1;1377;BCO.BRASIL AG 1377-3 - SANTO CRISTO;RS;431410;3
1;1379;BCO.BRASIL AG 1379-X - SEBERI;RS;431410;X
1;1380;TRES COROAS;RS;431410;3
1;1382;BCO.BRASIL AG 1382-X -ABERLARDO LUZ;RS;431410;X
1;1385;B.BRASIL AG - 1385-4 - DESCANSO - SC;RS;431410;4
1;1387;FRAIBURGO;RS;431410;0
1;1388;BCO.BRASIL AG-1388-9-GUARACIABA-SC;RS;431410;9
1;1413;BCO.BRASIL AG- 1413-3 - SÃO JOSE DO OURO -RS;RS;431410;3
1;1434;BCO BRASIL AG 1434-6 - AMPERE- PR;RS;431410;6
1;1473;BCO.BRASIL AG 1473-7 - ARROIO DO MEIO;RS;431410;7
1;1474;BCO.BRASIL AG 1474-5 ARROIO DO TIGRE;RS;431410;5
1;1477;BCO.BRASIL AG 1477-X - ARVOREZINHA;RS;431410;X
1;1484;BCO.BRASIL AG -1484-2 DR.MARIANO DA ROCHA -STA MAR;RS;431410;2
1;1487;BCO.BRASIL AG 1487-7 CAPUCHINHOS - CAXIAS - RS;RS;431410;7
1;1622;BANCO BRADESCO AG 1622-5 CAXIAS DO SUL;RS;431410;5
1;1701;CANOAS;RS;431410;9
1;1714;BCO.DO BRASIL AG - 1714-0 - XANXERE;RS;431410;0
1;1756;BCO.BRASIL AG- 1756 - CASCA - RS;RS;431410;
1;1801;B.BRASIL AG - 1801-5 - CAXIAS DO SUL- RS;RS;431410;5
1;1867;BCO.BRASIL AG 1867-8 - PALMAS - TOCANTINS;RS;431410;8
1;1889;BCO.BRASIL AG 1889-9 - PORTO ALEGRE;RS;431410;9
1;1899;BCO.BRASIL AG UNIVERSIDADE FEDERAL - RS;RS;431410;6
1;2005;BCO.BRASIL AG- 2005-2 - CORONEL BICACO - RS;RS;431410;2
1;2006;BCO.BRASIL AG - 2006-0 - TENENTE PORTELA;RS;431410;0
1;2008;BCO.BRASIL AG 2008-7 - CORONEL VIVIDA;RS;431410;7
1;2020;BCO.BRASIL AG - 2020-6 - CRUZ MACHADO-PR;RS;431410;6
1;2043;BCO.BRASIL AG 2043-ERVAL SECO;RS;431410;5
1;2169;BCO.BRASIL AG 2169-5 - ITAPEJARA DO OESTE - PR;RS;431410;5
1;2189;BCO.BRASIL AG 2189-X - IVOTI RS;RS;431410;X
1;2282;BCO.BRASIL AG 2282-9 -MARMELEIRO PR;RS;431410;9
1;2352;BANCO DO BRASIL AG -2352-3 - NOVA PALMA;RS;431410;3
1;2450;BCO.BRASIL AG 2450-3 - PINHÃO;RS;431410;3
1;2478;BCO.BRASIL AG 2478-3 - PONTE ALTA - SC;RS;431410;3
1;2490;BANCO BRASIL AG- 2490-2 - UNIÃO DA VITÓRIA;RS;431410;2
1;2491;BCO.BRASIL AG 2491-0 PORTO XAVIER;RS;431410;0
1;2514;BCO.BRASIL AG 2514-3 - REALEZA;RS;431410;3
1;2543;BCO.BRASIL AG 2543-7 - RIO NEGRO - PR;RS;431410;7
1;2554;BANCO DO BRASIL AGENCIA 2554-2 ROQUE GONZALES;RS;431410;2
1;2613;BCO.BRASIL AG - 2613-1 - SÃO DOMINGOS - SC;RS;431410;1
1;2638;BCO.BRASIL AG: 2638-7 - SÃO JOSE - SC;RS;431410;7
1;2672;BCO.BRASIL AG 2672-7 - SAPUCAIA DO SUL;RS;431410;7
1;2679;SERAFINA CORREA;RS;431410;4
1;2692;PASSO FUNDO;RS;431410;1
1;2694;RIO GRANDE;RS;431410;8
1;2708;SANTA CRUZ;RS;431410;1
1;2740;TRIUNFO;RS;431410;5
1;2741;BCO.BRASIL AG - 2741-3 - TUCUNDUVA - RS;RS;431410;3
1;2768;BCO.BRASIL AG 2768-5 VERA CRUZ;RS;431410;5
1;2794;BCO.BRASIL AG 2794-4 - ANCHIETA- CANOAS RS;RS;431410;4
1;2797;BCO.BRASIL AG - 2797-9 - PORTO ALEGRE;RS;431410;9
1;2840;BANCO BRASIL AG. 2840-1 - NOVA BASSANO RS;RS;431410;1
1;2846;B.BRASIL AG- 2846-0 - BARROS CASSAL;RS;431410;0
1;2867;CACHOEIRINHA;RS;431410;3
1;2871;BCO.BRASIL - AG - 2871-1 - NSA.SRA.LOURDES-CAXIAS;RS;431410;1
1;2893;BCO.BRASIL AG 2893-2 SANTA MARIA;RS;431410;2
1;2904;SCHARLAU;RS;431410;1
1;2910;RIO GRANDE;RS;431410;6
1;2919;BCO.BRASIL AG: 2919-X - AGUA SANTA - RS;RS;431410;X
1;2942;PELOTAS;RS;431410;4
1;2950;PELOTAS;RS;431410;5
1;2952;BANCO BRASIL-AG 2952-1 CACHOEIRA;RS;431410;1
1;2969;BENTO GONCALVES;RS;431410;6
1;2982;ITAJAI;RS;431410;3
1;2987;BCO.BRASIL AG- 2987-4 - NOVO HAMBURGO;RS;431410;4
1;2990;BCO BRASIL AG: 2990-4 BAIRRO RIO BRANCO;RS;431410;4
1;2992;29920 P. FUNDO;RS;431410;0
1;3037;BCO.BRASIL AG 3037-6 -CAMPO VERDE MT;RS;431410;6
1;3047;BANCO DO BRASIL AG 3047-3-CAPOEIRAS SC;RS;431410;3
1;3058;SANTA MARIA;RS;431410;9
1;3067;BCO.BRASIL AG: 3067-8 - CHARQUEADAS;RS;431410;8
1;3078;BANCO DO BRASIL AG 3078-3-LAGES;RS;431410;3
1;3098;BCO.BRASIL AG 3098-8- DR.MAURICIO CARDOSO;RS;431410;8
1;3124;PELOTAS;RS;431410;0
1;3134;BCO.BRASIL AG 3134-8 - NOVO HAMBURGO;RS;431410;
1;3153;BCO.BRADESCO AGENCIA - 3153-4 - PASSO FUNDO;RS;431410;
1;3160;JOINVILLE;RS;431410;7
1;3188;BCO.BRASIL AG 3188-7 - TEUTONIA;RS;431410;7
1;3220;CAXIAS DO SUL;RS;431410;4
1;3240;BCO.BRASL AG 3240-9 - BORGES;RS;431410;9
1;3244;B.BRASIL AG - 3244-1-PARAISO DO SUL-CANDELARIA;RS;431410;1
1;3246;PAROBE;RS;431410;8
1;3256;BANCO DO BRASIL- AG 3256-5 -PORTO ALEGRE;RS;431410;5
1;3269;BCO.BRASIL AG-3269-7 TRIUNFO;RS;431410;7
1;3281;SANTA MARIA;RS;431410;6
1;3289;BCO.BRASIL AG- 3289-1 - CASCAVEL - PR;RS;431410;1
1;3328;PONTA GROSSA;RS;431410;6
1;3334;BCO.BRASIL AG - 3334-0 - PORTO ALEGRE;RS;431410;0
1;3395;BCO.BRASIL AG 3395-2 - RIO GRANDE;RS;431410;2
1;3495;BANCO BRADESCO AG 3495- PORTO ALEGRE;RS;431410;
1;3529;PORTO ALEGRE;RS;431410;7
1;3530;BANCO DO BRASIL AGENCIA- 3530-0 - PORTO ALEGRE;RS;431410;0
1;3534;PASSO FUNDO;RS;431410;3
1;3542;BCO.BRASIL AG - 3542-4 - CHAPECÓ - SC;RS;431410;4
1;3616;BANCO DO BRASIL AG 3616-1 - FELIPE SCHMIDT FLORIAN;RS;431410;1
1;3711;BCO.BRASIL AG 3711-7- CANDIDO GODOY;RS;431410;7
1;3726;BCO.BRASIL AG- 3726-5 - FORTALEZA DOS VALOS;RS;431410;5
1;3730;BCO.DO BRASIL AG- 3730-3 = IBIAÇA - RS;RS;431410;3
1;3742;BCO.BRASIL AG - 3742-7 MATA - RS;RS;431410;7
1;3749;BCO.BRASIL AG 3749-4 - PALMITINHO - RS;RS;431410;4
1;3751;BANCO DO BRASIL AG 3751-6-PEJUÇARA - RS;RS;431410;6
1;3761;BANCO DO BRASIL - AG - 3761-3 - RONDINHA - RS;RS;431410;3
1;3866;BCO.BRASIL AG - 3866-0 IGARA;RS;431410;0
1;3870;FLORESTA;RS;431410;9
1;3876;SAO JOAO;RS;431410;8
1;3882;BANCO DO BRASIL AG-3882-2 - CHUVISCA - RS;RS;431410;2
1;3909;BCO.BRASIL AG - 3909-9 - BROCHIER - RS;RS;431410;
1;3917;BCO.BRASIL AG - 3917-9 - STA.CLARA DO SUL - RS;RS;431410;9
1;4082;BCO.BRASIL AG 4082-7 - SAL.FILHO;RS;431410;7
1;4103;BANCO BRASIL AG- 4103-3 - SAO DOMINGOS;RS;431410;3
1;4251;BCO.BRASIL - AGENCIA 4251-X - ERECHIM;RS;431410;X
1;4354;PASSO FUNDO;RS;431410;0
1;4397;BCO.BRASIL AG - 4397-4 - FLORIANOPOLIS;RS;431410;4
1;4470;BCO.BRASIL AG- 4470-9 - FLORES DA CUNHA - RS;RS;431410;9
1;4507;BCO.BRASIL AG 4507-1 ROLANTE;RS;431410;1
1;4508;BCO.BRASIL AG 4508-X - MAXIMILIANO DE ALMEIDA;RS;431410;X
1;4510;BCO.BRASIL AG 4510-1 - NOVA HARTZ;RS;431410;1
1;4516;BCO.BRASIL AG- 4516-0 - NOVO HAMBURGO;RS;431410;0
1;4531;BCO.BRASIL AG - 4531-4 - SANTO CRISTO;RS;431410;4
1;4602;BCO.BRASIL AG 4602-7 - FAXINAL DOS GUEDES;RS;431410;7
1;4619;BCO.BRASIL AG- 4619-1 - PAVERAMA;RS;431410;1
1;4675;BCO.BRASIL AG - 4675-2 - SÃO JOÃO DO POLESINE - RS;RS;431410;2
1;4773;BCO.BRASIL AG - 4773-2 - JOINVILE - SC;RS;431410;2
1;5204;BCO.BRASIL AG - 5204-3 - CACADOR;RS;431410;3
1;5206;BCO.BRASIL AG 5206-X - CAMPOS NOVOS SC;RS;431410;X
1;5215;BCO.BRASIL AG.BESC - 5215-9;RS;431410;9
1;5216;BCO.BRASIL AG 5216-7 - MAFRA;RS;431410;7
1;5234;B.BRASIL AG - 5234-5 - VIDEIRA - SC;RS;431410;5
1;5235;BCO.BRASIL AG - 5235-3 - CURITIBANOS - SC;RS;431410;3
1;5236;BCO.BRASIL AG - 5236-1 - CONCORDIA - SC;RS;431410;1
1;5237;BCO.BRASIL AG - 5237-X - SÃO MIGUEL DOESTE-SC;RS;431410;X
1;5284;BCO.BRASIL AG-5284-1-SÃO JOSE CERRITO/SC;RS;431410;1
1;5294;BCO.BRASIL-BESC- SC - AG 5294-9;RS;431410;9
1;5322;BCO.BRASIL AGENCIA - 5322-8- VIDEIRA;RS;431410;8
1;5375;BCO.BRASIL AG 5375-9-CORREIA PINTO - SC;RS;431410;9
1;5397;BCO.BRASIL AG - 5397-X - GUARACIABA - SC;RS;431410;X
1;5425;BCO.BRASIL AG - 5425-9 -LINDOIA DO SUL - SC;RS;431410;9
1;5447;BANCO DO BRASIL AGENCIA- 5447-0 - CAÇADOR;RS;431410;0
1;5656;BCO.BRASIL AG 5656-1 - TRIANGULO - RS;RS;431410;1
1;5672;B.BRASIL AG-5672-3 -BAL.CASSINO-RIO GRANDE;RS;431410;3
1;5745;BANCO BRASIL AG- 5745-2 - PORTO ALEGRE;RS;431410;2
1;5795;BANCO BRASIL AG- 5795-9 - GUARAPUAVA - PR;RS;431410;9
1;5995;BCO.BRASIL - AG: 5995-1 - CAXIAS DO SUL - RS;RS;431410;1
1;8052;B.BRASIL AG - 8052-7 - PATO BRANCO - PR;RS;431410;7
1;8103;BCO.BRASIL - AG- 8103-5 AV.NAÇÕES UNIDAS-N.HAMBURG;RS;431410;5
1;8114;BANCO BRASIL AG- 8114-0 - SANTA MARIA;RS;431410;0
1;8639;BCO.BRASIL AG 8639-8 - ESTILO-MOROM-PASSO FUNDO;RS;431410;8
8;28;CENTENARIA;RS;431410;
8;40;ALEGRETE;RS;431410;
8;55;CAMAQUA;RS;431410;
8;66;CARAZINHO;RS;431410;
8;84;UNIAO DA VITORI;RS;431410;
8;151;RIO GRANDE;RS;431410;
8;227;FLORIANOPOLIS;RS;431410;
8;288;PARTENON - 028;RS;431410;
8;526;CACHOEIRA SUL;RS;431410;
8;626;BANCO DO BRASIL AG 626-2 CANDELARIA;RS;431410;2
8;805;DOM PEDRITO;RS;431410;
8;903;ESTEIO;RS;431410;
8;1112;IJUI;RS;431410;
8;1140;ITAQUI;RS;431410;
8;1141;BANCO SANTANDER - AG 1141 - MARAU;RS;431410;
8;1170;JAGUARAO;RS;431410;
8;1214;LAGOA VERMELHA;RS;431410;
8;1224;LAJEADO;RS;431410;
8;1393;PALMEIRA MISSOE;RS;431410;
8;1500;CACAPAVA DO SUL;RS;431410;
8;1690;SANTA ROSA;RS;431410;
8;1735;SANTIAGO;RS;431410;
8;1740;SANTO ANGELO;RS;431410;
8;1790;SAO BORJA;RS;431410;
8;1859;SAO GABRIEL;RS;431410;
8;1890;SCHARLAU;RS;431410;
8;1939;SAO LUIZ GONZAG;RS;431410;
8;2030;SOLEDADE;RS;431410;
8;2035;SOLEDADE;RS;431410;
8;2137;TRES DE MAIO;RS;431410;
8;2159;TRES PASSOS;RS;431410;
8;2240;VENANCIO AIRES;RS;431410;
8;2352;CACADOR;RS;431410;
8;2400;CRICIUMA;RS;431410;
8;2410;CURITIBANOS;RS;431410;
8;2440;JOACABA;RS;431410;
8;2452;JOINVILLE;RS;431410;
8;2636;TUBARAO;RS;431410;
8;2793;GUARAPUAVA;RS;431410;
8;2964;UNIAO DA VITORI;RS;431410;
8;3373;BCO.SANTANDER - AG - 3373 -SP-PRAÇA DA REPUBLICA;RS;431410;
8;4570;ALVORADA;RS;431410;
8;4620;CACHOEIRINHA;RS;431410;
8;4802;URBANA IGUATEMY;RS;431410;
8;5022;FREDERICO WESTP;RS;431410;
8;22200;VACARIA;RS;431410;
27;15;BANCO BESC - AG 015;RS;431410;
27;40;MAFRA;RS;431410;
27;558;SAO JOSE;RS;431410;
41;17;BANCO BANRISUL  AG 017 - PASSO FUNDO;RS;431410;
41;110;BANCO BANRISUL- AG 0110;RS;431410;
41;190;BCO.BANRISUL AG 190-CRUZ ALTA;RS;431410;
41;205;BANRISUL-AG 205;RS;431410;
41;308;BANRISUL - NOVA HARTZ;RS;431410;
41;310;PASSO FUNDO;RS;431410;
41;315;BCO.BANRISUL AG 315 - PASSO FUNDO;RS;431410;
41;350;BANCO BANRISUL-AG.0350;RS;431410;
41;370;SANTO ANGELO;RS;431410;
41;390;BANCO BANRISUL-AG 390;RS;431410;
41;430;URUGUAIANA;RS;431410;
41;475;PELOTAS;RS;431410;
41;587;BCO.BANRISUL AG - 587 - CERRO LARGO;RS;431410;
41;791;BANCO BANRISUL - AGENCIA 0791 PAROBE;RS;431410;
41;898;GUAIBA;RS;431410;
41;917;BANCO BANRISUL-AG 917;RS;431410;
104;19;CXA.FEDERAL - AG - 0019 - FAXINAL DOS GUEDES - SC;RS;431410;
104;48;IJUI;RS;431410;3
104;49;CXA.FEDERAL AG 049-CASA AMARELA RECIFE;RS;431410;
104;104;CXA.ECON.FEDERAL AG-1875 -KOBRASOL;RS;431410;
104;107;CAIXA FEDERAL-AG.1078;RS;431410;
104;159;SANTA MARIA;RS;431410;5
104;370;CXA.FEDERAL AG 370-0 - CURITIBA -PR;RS;431410;0
104;371;CXA.FEDERAL AG-371-BACACHERI - PR;RS;431410;
104;386;CAMPO MOURAO;RS;431410;
104;389;GUARAPUAVA;RS;431410;
104;390;CXA.FEDERAL AG 390-IRATI;RS;431410;
104;394;CXA.FEDERAL AG 394 - LONDRINA PR;RS;431410;
104;397;CXA.FEDERAL AG 397-PALMEIRA;RS;431410;
104;400;PONTA GROSSA;RS;431410;
104;401;CXA.FEDERAL AG-401-PRUDENTOPOLIS;RS;431410;
104;407;UNIAO DA VITORI;RS;431410;
104;408;FLORIANOPOLIS;RS;431410;
104;410;TUBARAO;RS;431410;
104;413;CXA.FEDERAL AG 413-8 - CANOINHAS - SC;RS;431410;8
104;414;CHAPECO;RS;431410;
104;415;CRICIUMA;RS;431410;
104;416;BAL CAMBORIU;RS;431410;
104;419;JOINVILLE;RS;431410;
104;420;LAGES;RS;431410;
104;422;UNIAO VITORIA;RS;431410;
104;427;ARARANGUA;RS;431410;
104;428;CXA.FEDERAL AG - 428-PORTO ALEGRE;RS;431410;
104;429;IGUATEMY;RS;431410;
104;430;CXA.FEDERAL AG 430-RUA DA PRAIA;RS;431410;
104;432;CXA.FEDERAL AG 0432-AZENHA;RS;431410;
104;433;CXA.FEDERAL AG 0433- VILA FERNANDES - RS;RS;431410;
104;439;CXA.FEDERAL AG 0439- PORTO ALEGRE;RS;431410;
104;441;CXA.FEDERAL AG 441-JOSE DO PATROCINIO;RS;431410;
104;442;CXA.FEDERAL AG 442-MENINO DEUS;RS;431410;
104;443;CXA.FEDERAL AG 443 - MOINHOS DE VENTO;RS;431410;
104;445;CXA.FEDERAL AG 445- PARTENON;RS;431410;
104;446;CXA.FEDERAL AH 446-PASSO DA AREIA;RS;431410;
104;451;CXA.FEDERAL AG 0451-OTAVIO ROCHA;RS;431410;
104;453;CXA.FEDERAL AG 453-7 - PORTO ALEGRE;RS;431410;7
104;455;ALEGRETE;RS;431410;
104;456;CXA.FEDERAL AG 456-BAGE;RS;431410;
104;457;BENTO GONCALVES;RS;431410;
104;459;CACHOEIRA;RS;431410;
104;460;CXA.FEDERAL AG-460-CAMAQUA;RS;431410;
104;461;CXA.FEDERAL AG 0461-PORTO ALEGRE;RS;431410;
104;462;CANCUCU;RS;431410;
104;464;CARAZINHO;RS;431410;
104;465;CAXIAS DO SUL;RS;431410;
104;466;CERRO LARGO;RS;431410;
104;467;CRUZ ALTA;RS;431410;
104;469;DOM PEDRITO;RS;431410;
104;470;ERECHIM;RS;431410;
104;472;ESTEIO;RS;431410;
104;473;CXA.FEDERAL AG- 473- ESTRELA-RS;RS;431410;
104;475;CAIXA FEDERAL- AG 0475-FREDERICO;RS;431410;
104;477;CXA.FEDERAL AG - 477-4 - GETULIO VARGAS;RS;431410;4
104;478;CXA.FEDERAL AG.478-GRAVATAI;RS;431410;
104;480;GIRUA;RS;431410;
104;481;HORIZONTINA;RS;431410;
104;482;CXA.FEDERAL AG 0482-IBIRUBA;RS;431410;
104;483;IJUI;RS;431410;
104;484;ITAQUI;RS;431410;
104;485;JAGUARAO;RS;431410;
104;486;CXA.FEDERAL AG-0486-JAQUARI;RS;431410;
104;487;CXA.FEDERAL AG 0487- JULIO DE CASTILHOS;RS;431410;
104;488;LAGOA VERMELHA;RS;431410;
104;489;LAJEADO;RS;431410;
104;490;NOVO HAMBURGO;RS;431410;
104;491;CXA.FEDERAL AG 491-OSORIO;RS;431410;
104;492;PALMEIRAS;RS;431410;
104;493;PANAMBI;RS;431410;
104;494;PASSO FUNDO;RS;431410;
104;495;PELOTAS;RS;431410;
104;496;QUARAI;RS;431410;
104;497;CXA.ECONOMICA FEDERAL - AGENCIA 0497-RIO GRANDE;RS;431410;
104;498;CXA.FEDERAL AG 498 - RIO PARDO;RS;431410;
104;499;ROSARIO DO SUL;RS;431410;
104;500;STA CRUZ;RS;431410;
104;501;SANTA MARIA;RS;431410;
104;502;SANTA ROSA;RS;431410;
104;503;SANTIAGO;RS;431410;
104;504;SANTO ANGELO;RS;431410;
104;505;CXA.FEDERAL AG 0505-3 - LIVRAMENTO;RS;431410;3
104;506;SAO BORJA;RS;431410;
104;507;CXA.FEDERAL AG 0507-SAO FCO.DE PAULA;RS;431410;
104;508;SAO GABRIEL;RS;431410;
104;509;CXA.FEDERAL AG 509- SÃO GERONIMO - RS;RS;431410;
104;511;SAO LEOPOLDO;RS;431410;
104;513;SAO LUIZ;RS;431410;
104;514;CXA.FEDERAL AG- 514-2 - SAPIRANGA - RS;RS;431410;2
104;515;CXA.FEDERAL AG 515-SARANDI;RS;431410;
104;516;SOLEDADE;RS;431410;
104;517;CXA.FEDERAL AG 517-TAPES;RS;431410;
104;518;TAQUARA;RS;431410;
104;519;CXA.FEDERAL AG 519-TAQUARI;RS;431410;
104;520;CXA.FEDERAL AG.520-7 TRES PASSOS;RS;431410;7
104;521;CXA.FEDERAL AG- 0521- TRES DE MAIO - RS;RS;431410;
104;522;CXA.FEDERAL AG 522 - TRAMANDAI;RS;431410;
104;525;CXA FEDERAL AG 525 -TUPANCERETÃ;RS;431410;
104;526;URUGUAIANA;RS;431410;
104;527;VACARIA;RS;431410;
104;528;CXA.FEDERAL AG 528-VERANOPOLIS;RS;431410;
104;529;CXA.FEDERAL AG 529 - VENANCIO AIRES;RS;431410;
104;530;MONTENEGRO;RS;431410;
104;532;SANTA MARIA;RS;431410;
104;567;CAIXA FEDERAL AG- 567 - ENCANTADO - RS;RS;431410;
104;568;CASCAVEL;RS;431410;
104;571;CXA.FEDERAL AG 571-CURITIBANOS;RS;431410;
104;572;CACADOR;RS;431410;
104;589;FOZ DO IGUACU;RS;431410;
104;593;NOVA PRATA;RS;431410;
104;594;CXA.FEDERAL AG 0594 - NÃO ME TOQUE;RS;431410;
104;601;FCO BELTRAO;RS;431410;
104;602;PATO BRANCO;RS;431410;
104;604;CXA.FEDERAL -AG 604-1 CAÇAPAVA;RS;431410;1
104;627;CONCORDIA;RS;431410;
104;693;CXA.FEDERAL AG.693 STA.VIT.PALMAR;RS;431410;
104;695;SANTO AUGUSTO;RS;431410;
104;696;CXA.ECONOMICA FEDERAL - AGENCIA 696-SÃO S.DO CAI;RS;431410;
104;697;CXA.FEDERAL AG-697 -MARAU;RS;431410;
104;698;CXA.FEDERAL AG: 698 - SERAFINA CORREA;RS;431410;
104;701;CAIXA FEDERAL -AG 0701-XANXERE;RS;431410;
104;702;CXA.FEDERAL AG- 0702-1 - SAO MIGUEL DO OESTE;RS;431410;1
104;703;CXA.FEDERAL AG -703-0 -STO.ANTONIO DA PATRULHA;RS;431410;0
104;726;TOLEDO;RS;431410;
104;796;CXA.FEDERAL AG 0796-VIDEIRA SC;RS;431410;
104;844;CXA.ECONOMICA FEDERAL - AGENCIA 0844-CACHOEIRINHA;RS;431410;
104;846;CXA.ECONOMICA FEDERAL - AGENCIA 0846-GUAPORE;RS;431410;
104;851;CXA.ECONOMICA FEDERAL AG 851-CAMPOS NOVOS;RS;431410;
104;856;PELOTAS;RS;431410;
104;878;FCO BELTRA;RS;431410;
104;911;CXA.FEDERAL AG 0911-PETROPOLIS POA RS;RS;431410;
104;912;CXA.FEDERAL AG.912-ESPUMOSO;RS;431410;
104;913;CXA.FEDERAL AG 913 - SAPUCAIA DO SUL;RS;431410;
104;929;CXA.FEDERAL AG - 929-6 - SÃO SEPE - RS;RS;431410;6
104;930;CXA.FEDERAL AG 930 - FLORES DA CUNHA;RS;431410;
104;931;CXA. FEDERAL AG 931-DOIS VIZINHOS - PR;RS;431410;
104;932;CXA.FEDERAL AG 932 - LARANGEIRAS DO SUL- PR;RS;431410;
104;1015;CXA.FEDERAL AG-1015-CANDELARIA;RS;431410;
104;1077;CXA.FEDERAL AG 1077 - MARAVILHA;RS;431410;
104;1078;CAIXA FEDERAL-AG 1078-FLORIANÓPOLIS;RS;431410;
104;1082;CXA.FEDERAL AG- 1082-SÃO JOÃO JOAQUIM - SC;RS;431410;
104;1094;CXA.FEDERAL AG 1094-PAVUNA;RS;431410;
104;1150;TRES COROAS;RS;431410;
104;1151;CAIXA.FEDERAL AG 1151-7 - SOBRADINHO - RS;RS;431410;7
104;1152;CXA.FEDERAL AG 1152-RESTINGA SECA /RS;RS;431410;
104;1256;CXA.FEDERAL AG 1256-4 - CAPANEMA;RS;431410;4
104;1261;CASCAVEL;RS;431410;
104;1278;CXA.FEDERAL AG 1278 - ANTONIO PRADO;RS;431410;
104;1287;CXA.FEDERAL AG 1287 - REALEZA;RS;431410;
104;1292;CXA.FEDERAL AG 1292-AGUDO;RS;431410;
104;1359;CXA.FEDERAL AG 1359-SÃO PEDRO DO SUL;RS;431410;
104;1366;CXA.FEDERAL AG- 1366 - SANTA MARIA;RS;431410;
104;1378;CXA.FEDERAL AG - 1378-1 - CASCA -RS;RS;431410;1
104;1391;PAROBE;RS;431410;
104;1437;CXA.FEDERAL AG 1437-ALVORADA;RS;431410;
104;1507;CXA.FEDERAL AG- 4507-1 - TAPERA;RS;431410;1
104;1547;CXA.FEDERAL AG 1547-CENTRO PONTA GROSSA;RS;431410;
104;1555;SAO JOSE;RS;431410;
104;1589;CXA.FEDERAL AG 1589-0 SAO PELEGRINO-CAXIAS;RS;431410;0
104;1592;CXA.FEDERAL AG 1592-0 - BOURBON IPIRANGA;RS;431410;0
104;1593;PASSO FUNDO;RS;431410;
104;1594;PELOTAS;RS;431410;
104;1595;SANTA MARIA;RS;431410;
104;1596;CXA.FEDERAL AG 1596-JUCA BATISTA POA;RS;431410;
104;1638;CXA.FEDERAL AG-1638 COQUEIROS SC;RS;431410;
104;1644;CXA-FEDERAL AG 1644-6 - SCHARLAU;RS;431410;6
104;1663;LAGES;RS;431410;
104;1708;CXA.FEDERAL AG 1708 - ARROIO DO MEIO;RS;431410;
104;1709;CXA.FEDERAL AG- 1709 - ARVOREZINHA- RS;RS;431410;
104;1757;PONTA GROSSA;RS;431410;
104;1762;CXA.FEDERAL-AG 1762-0 BUTIA;RS;431410;0
104;1769;CXA.FEDERAL AG 1769 - ROLANTE RS;RS;431410;
104;1771;CXA.FEDERAL - AG 1771-0 SANTO CRISTO;RS;431410;0
104;1784;SAO JOSE;RS;431410;
104;1791;CXA.FEDERAL AG 1791- FRAIBURGO;RS;431410;
104;1851;CXA.FEDERAL AG 1851-1 - PORTO ALEGRE;RS;431410;1
104;1852;CXA.FEDERAL AG 1852-AEROPORTO SAL.FILHO POA;RS;431410;
104;1854;CXA.ECONOMICA FEDERAL AG 1854-CONSTANTINA;RS;431410;
104;1855;CXA.FEDERAL-AG 1855-4 CRISSIUMAL;RS;431410;4
104;1872;CXA.FEDERAL AG -1872-IGREJINHA;RS;431410;
104;1874;BIGUA¿U;RS;431410;
104;1875;SAO JOSE;RS;431410;
104;1877;CXA.FEDERAL AG 1877-MIRAMAR-FLORIPA SC;RS;431410;
104;1884;CAIXA FEDERAL-AG 1884-SAO LOURENÇO DO OESTE;RS;431410;
104;1895;CXA.FEDERAL AG 1895-SANANDUVA;RS;431410;
104;1896;CHAPECO;RS;431410;
104;1924;BLUMENAU;RS;431410;
104;1946;CXA.FEDERAL AG 1946-1 - PITANGA - PR;RS;431410;1
104;2093;TAPEJARA;RS;431410;
104;2127;CXA.FEDERAL AG 2127-0 - FAXINAL DO SOTURNO;RS;431410;0
104;2152;CXA.FEDERAL AG 2152-0 - SÃO MATEUS;RS;431410;0
104;2231;SANTA MARIA;RS;431410;
104;2284;GRAVATAI;RS;431410;
104;3060;CXA.FEDERAL AG - 3060- BENTO GONCALVES;RS;431410;
104;3063;CXA.FEDERAL AG.3063-PASSO FUNDO;RS;431410;
104;3078;CXA.FEDERAL AG-3078 SAO JOSE DA TERRA FIRME;RS;431410;
104;3082;CXA.ECONOMICA FEDERAL - AG 3082-1 - OTACILIO COSTA;RS;431410;1
104;3113;CXA.FEDERAL AG 3113-5 ERECHIM;RS;431410;5
104;3140;CXA.FEDERAL AG 3140-PATRIA NOVA;RS;431410;
104;3168;CXA.FEDERAL AG 3168 - PIRAI DO SUL - PR;RS;431410;
104;3173;CXA.FEDERAL AG 3173-9 IMBITUVA - PR;RS;431410;9
104;3402;CXA.FEDERAL AG - 3402-9 - TRIUNFO;RS;431410;9
104;3407;CXA.FEDERAL - AG. 3407-ABELARDO LUZ - SC;RS;431410;
104;3449;CXA.FEDERAL AG - 3449 -FERRABRAZ-SAPIRANGA;RS;431410;
104;3457;CXA.FEDERAL AG 3457-6 - VIAMAO;RS;431410;6
104;3460;CXA.FEDERAL - AGE- 3460-6 - PORTO ALEGRE;RS;431410;6
104;3592;CXA.FEDERAL AG- 3592-0 - CHAPECO- SC;RS;431410;0
104;3616;CXA.FEDERAL AG FELIPE SCHMIDT- FLORIANOPOLIS;RS;431410;1
104;3646;CXA.FEDERAL - AG 3646-3-ITAIOPOLIS - SC;RS;431410;3
104;3655;CXA.FEDERAL AG- 3655-2 - CAÇADOR - SC;RS;431410;2
104;3670;CXA. FEDERAL- AG- 3670 - IJUI;RS;431410;
104;3674;CXA.FEDERAL AG 3674- OSVALDO ARANHA-BENTO GONÇALVE;RS;431410;
104;3710;BCO.CAIXA - AGENCIA 3710-9 - BOQUEIRAO P.F;RS;431410;9
104;3711;CXA:FEDERAL AG- 3711-7 - CHARQUEADAS;RS;431410;7
104;3875;CXA.FEDERAL AG- 3875-0 - NEREU RAMOS-LAGES;RS;431410;0
104;3881;CXA.FEDERAL AG- 3881-TRES VENDAS-ERECHIM;RS;431410;
104;3882;BANCO DO BRASIL AG-3882-2 - CHUVISCA - RS;RS;431410;2
104;3883;CXA.FEDERAL AG- 3883-INDEPENDENCIA - STA.ROSA;RS;431410;
104;3917;CXA.ECONOMICA FEDERAL AG- 3917- TEOTONIA;RS;431410;
104;4003;PASSO FUNDO;RS;431410;
104;4152;NOVO HAMBURGO;RS;431410;
104;4164;CAXIAS DO SUL;RS;431410;
104;4432;CXA.FEDERAL AG- 4432-6 - SÃO FCO.ASSIS;RS;431410;6
104;4438;BANCO CAIXA ECONOMICA FEDERAL- 4438 - CUNHA PORA;RS;431410;
104;4452;CXA.FEDERAL AGENCIA 4452-CORREIA PINTO;RS;431410;
104;4506;CXA.FEDERAL AG- 4506-3 - PINHEIRO MACHADO;RS;431410;3
104;4507;CXA.FEDERAL AG- 4507-1 - TAPERA;RS;431410;1
104;4593;CAIXA FED AG 4593-4 COR VIVIDA-PR;RS;431410;4
104;4705;CXA.FEDERAL AG- 4705-8 - ARROIO DO TIGRE;RS;431410;8
104;4809;CXA.FEDERAL AG- 4809-7 - ARROIO GRANDE;RS;431410;7
104;4938;BANCO CAIXA ECON. FEDERAL AGENCIA-4938 - SALTO DO JACUI;RS;431410;
104;4940;PASSO FUNDO;RS;431410;
104;4943;CXA.FEDERAL - AG- 4943-3- FCO.BELTRAO - PR;RS;431410;3
104;4946;GEN. CANABARRO;RS;431410;
208;1;BANCO BTG PACTUAL - AGENCIA 0001;RS;431410;
208;20;BANCO BTG PACTUAL - AGENCIA 0020;RS;431410;
237;110;BANCO BRADESCO AG 110-1 TRES COROAS;RS;431410;1
237;155;29920 P. FUNDO;RS;431410;5
237;163;BANCO BRADESCO AG 0163-5 - NAVEGANTES;RS;431410;5
237;165;BANCO BRADESCO AG 0165 SAO PAULO;RS;431410;0
237;200;BANCO BRADESCO AG 0200- TRES DE MAIO;RS;431410;
237;212;BCO.BRADESCO AGENCIA - 0212-8 - PAROBE;RS;431410;8
237;226;BANCO BRADESCO AGENCIA-226-MARAU;RS;431410;
237;265;AGENCIA BRADESCO 2659;RS;431410;9
237;268;BANCO BRADESCO AGENCIA- 268-2 - PORTO ALEGRE;RS;431410;2
237;269;BANCO BRADESCO AGENCIA- 269 - CAXIAS DO SUL;RS;431410;
237;285;BANCO BRADESCO AGENCIA - 0285-SÃO LEOPOLDO;RS;431410;
237;324;BANCO BRADESCO AGENCIA- 0324 - CANOAS;RS;431410;
237;326;AGENCIA BRADESCO  PORTO ALEGRE 0326;RS;431410;
237;327;BANCO BRADESCO AGENCIA- 0327 - 7 - SANTO ANGELO;RS;431410;7
237;330;BANCO BRADESCO AG 330 ITAJAI;RS;431410;
237;338;BCO.BRADESCO AGENCIA - 338-7 - CACADOR;RS;431410;7
237;340;BANCO BRADESCO AG 0340-9 CAMPOS NOVOS;RS;431410;9
237;341;BANCO BRADESCO AGENCIA - 341-7 CANOINHAS;RS;431410;7
237;343;BANCO BRADESCO AG 343-3 - CHAPECO;RS;431410;3
237;344;BANCO BRADESCO AGENCIA- 344-1- CONCORDIA;RS;431410;1
237;346;BCO.BRADESCO AGENCIA - 346-8 - CURITIBANOS;RS;431410;8
237;357;BANCO BRADESCO AG 357-3 JOAÇABA;RS;431410;3
237;358;BANCO BRADESCO AG 0358 CAMPOS NOVOS;RS;431410;
237;360;BCO.BRADESCO AGENCIA - 0360-3 - LAGES;RS;431410;3
237;361;AGENCIA BRADESCO 361-1 LAURO MULLER;RS;431410;1
237;362;BANCO BRADESCO AGENCIA - 362- CANOINHAS;RS;431410;
237;365;BANCO BRADESCO AG 365-4  - PORTO UNIAO;RS;431410;4
237;373;BANCO BRADESCO AGENCIA- 0373 - SAO JOAQUIM;RS;431410;
237;376;BANCO BRADESCO AGENCIA-376 -0- SAO MIGUEL DO OESTE;RS;431410;0
237;384;BCO.BRADESCO AGENCIA - 384-0- VIDEIRA;RS;431410;0
237;385;BCO.BRADESCO AGENCIA - 385-9- XANXERE;RS;431410;9
237;387;BANCO BRADESCO AGENCIA- 387-5-PELOTAS;RS;431410;5
237;388;BANCO BRADESCO AGENCIA - 388-3-SANTA MARIA;RS;431410;3
237;412;BCO.BRADESCO AGENCIA - 412-0 - RIO GRANDE;RS;431410;0
237;424;BANCO BRADESCO AGENCIA- 0424-3 - GUARAPUAVA;RS;431410;3
237;425;BCO.BRADESCO AGENCIA - 425-1- CLEVELANDIA;RS;431410;1
237;429;BANCO BRADESCO AGENCIA- 0429 - 4 PALMAS;RS;431410;4
237;430;BANCO BRADESCO AG 430-8 PALMEIRA;RS;431410;8
237;438;AGENCIA BRADESCO 438-3 CASCAVEL;RS;431410;3
237;439;BCO.BRADESCO AGENCIA - 439-1- BAGE;RS;431410;1
237;449;AGENCIA BRADESCO 449 SAO PAULO;RS;431410;9
237;491;BANCO BRADESCO AGENCIA- 0491 - 0 - PORTO ALEGRE;RS;431410;0
237;563;BANCO BRADESCO AGENCIA-0563 - LAJEADO;RS;431410;
237;568;BANCO BRADESCO AGENCIA-568 - LAJEADO;RS;431410;
237;584;AGENCIA 0584-3 CHAPECO;RS;431410;3
237;617;AGENCIA BRADESCO 617-3 SAO MIGUEL DO IGUACU;RS;431410;3
237;646;BANCO BRADESCO AG 646- 7 PONTA GROSSA;RS;431410;7
237;717;BANCO BRADESCO AGENCIA - 0717 -3 BENTO GONÇALVES;RS;431410;3
237;762;BCO.BRADESCO - AG -762-5 - ALTO DOS PINHEIROS - SP;RS;431410;5
237;797;BANCO BRADESCO AGENCIA 797 PARANA;RS;431410;8
237;877;AGENCIA BRADESCO 877 GRAVATAI;RS;431410;
237;888;BCO.BRADESCO AG - 762-5 - ALTO DOS PINHEIROS - SP;RS;431410;5
237;895;BANCO BRADESCO AG 895-8 -SAO PAULO;RS;431410;8
237;908;BANCO BRADESCO AG 0908-3  - NOVA PRATA;RS;431410;3
237;932;BANCO BRADESCO AGENCIA - 0932-6-SAO FRANCISCO DE PAULA;RS;431410;6
237;966;BCO.BRADESCO AGENCIA- 0966-0 - PASSO FUNDO (SAO CRISTOVAO);RS;431410;0
237;983;BANCO BRADESCO AGENCIA- 0983-0 - TAPES;RS;431410;0
237;993;BANCO BRADESCO AGENCIA - 993 TEUTONIA;RS;431410;
237;1000;BANCO BRADESCO AG 10006 SANTA VITORIA DO PALMAR;RS;431410;6
237;1032;BANCO BRADESCO AGENCIA- 1032-4-GETULIO VARGAS;RS;431410;4
237;1078;AGÊNCIA 1078 SÃO MATEUS;RS;431410;
237;1115;BANCO BRADESCO AGENCIA - 1115 FAXINAL DO SOTURNO;RS;431410;
237;1194;BANCO BRADESCO AGENCIA - 1194-0- PORTO ALEGRE;RS;431410;0
237;1252;BCO.BRADESCO AGENCIA - 1252-1- PALMEIRA DAS MISSOES;RS;431410;1
237;1299;BCO.BRADESCO AGENCIA - 1299 - NAO ME TOQUE;RS;431410;
237;1300;BANCO BRADESCO AG 1300 -5 HERVAL DO OESTE;RS;431410;5
237;1306;BANCO BRADESCO AGENCIA- 1306-4 - ROSARIO;RS;431410;4
237;1393;BCO.BRADESCO AGENCIA - 1393-5 - VACARIA;RS;431410;5
237;1401;BANCO BRADESCO AG 1401-0 PORTO ALEGRE;RS;431410;0
237;1424;BANCO BRADESCO AGENCIA - 1424 - 9 TUPANCIRETA;RS;431410;9
237;1467;BANCO BRADESCO AGENCIA- 1467 - FRANCISCO BELTRÃO;RS;431410;
237;1476;BANCO BRADESCO AGENCIA- 1476 - 1 - PORTO ALEGRE;RS;431410;1
237;1491;BCO.BRADESCO AGENCIA - 1491-5- MONTENEGRO;RS;431410;5
237;1532;BANCO BRADESCO AGENCIA - 1532-6-IBIRUBA;RS;431410;6
237;1533;BANCO BRADESCO AG 1533 - 4 SAO SEPE;RS;431410;4
237;1534;BANCO BRADESCO AGENCIA- 1534 - 2 -TRES DE MAIO;RS;431410;2
237;1557;BANCO BRADESCO AGENCIA- 1557-1 - CANGUCU;RS;431410;1
237;1564;BANCO BRADESCO AGENCIA- 1564 - CANOAS;RS;431410;
237;1565;AGENCIA 1565-2 PORTO ALEGRE;RS;431410;2
237;1571;BANCO BRADESCO AGENCIA - 1571 MARAU;RS;431410;
237;1576;BCO.BRADESCO AGENCIA - 1576-8 - PAROBE;RS;431410;8
237;1587;BANCO BRADESCO AGENCIA- 1587 -3 - SANTA CRUZ;RS;431410;3
237;1589;BANCO BRADESCO AGENCIA- 1589 - ESTEIO;RS;431410;
237;1596;BANCO BRADESCO AGENCIA-1596-2-FREDERICO;RS;431410;
237;1601;BANCO BRADESCO AGENCIA - 1601-2-TRES PASSOS;RS;431410;2
237;1603;BANCO BRADESCO AGENCIA - 1603-9 ITAQUI;RS;431410;9
237;1604;BANCO BRADESCO AG 1604-7 CACHOEIRINHA;RS;431410;7
237;1615;BANCO BRADESCO AGENCIA-1615-2-TAQUARA;RS;431410;2
237;1619;BCO.BRADESCO AGENCIA - 1619-5 - SÃO MARCOS;RS;431410;5
237;1622;BANCO SICREDI - AGENCIA 1622-5 CAXIAS DO SUL;RS;431410;5
237;1635;BANCO BRADESCO AGENCIA- 1635 - 7 DOM PEDRITO;RS;431410;7
237;1636;BANCO BRADESCO AGENCIA- 1636 - 5 - ENCANTADO;RS;431410;5
237;1649;BCO.BRADESCO AGENCIA - 1649-7- SANTIAGO;RS;431410;7
237;1651;BANCO BRADESCO AGENCIA- 1651 -9 - SAO SEBASTIAO DO CAI;RS;431410;9
237;1665;BANCO BRADESCO AGENCIA-1665-9 -STO ANTONIO DA PATRULHA;RS;431410;9
237;1674;BCO.BRADESCO AGENCIA - 1674-8 - PANAMBI;RS;431410;8
237;1694;BANCO BRADESCO AGENCIA- 1694 - JULIO DE CASTILHOS;RS;431410;
237;1731;BANCO BRADESCO AGENCIA- 1731-0 - MARAVILHA;RS;431410;
237;1733;BANCO BRADESCO AG 1733-7 XAXIM;RS;431410;7
237;1734;BANCO BRADESCO AGENCIA- 1734- ABELARDO LUZ;RS;431410;
237;1735;BANCO BRADESCO AG 1735 TANGARA;RS;431410;
237;1736;BCO.BRADESCO AGENCIA - 1736-1- FRAIBURGO;RS;431410;1
237;1737;BANCO BRADESCO AGÊNCIA - 1737 - SERAFINA CORREA;RS;431410;
237;1753;BCO.BRADESCO AGENCIA - 1753 - SOBRADINHO;RS;431410;
237;1779;BANCO BRADESCO AGENCIA-1779-5 - GARIBALDI;RS;431410;5
237;1798;BANCO BRADESCO AGENCIA- 1798 - SAO LUIZ;RS;431410;
237;1860;BANCO BRADESCO AG-1860-SAO PAULO;RS;431410;
237;1878;AGENCIA BRADESCO 01878-3  TRAMANDAI;RS;431410;3
237;1900;BANCO BRADESCO AGENCIA - 1900 SOLEDADE;RS;431410;
237;1910;BANCO BRADESCO AG 1910 OSORIO;RS;431410;
237;1913;BANCO BRADESCO AGENCIA- 1913 -5-DOIS VIZINHOS;RS;431410;5
237;1926;BCO.BRASIL AG 1926-7 - SAO LEOPOLDO;RS;431410;7
237;1927;BANCO BRADESCO AGENCIA- 1927 - VIAMÃO;RS;431410;
237;1928;BANCO BRADESCO AGENCIA- 1928 - PAROBE;RS;431410;
237;1930;BANCO BRADESCO AGENCIA- 1930 - VERANOPOLIS;RS;431410;
237;1971;BANCO BRADESCO AGENCIA- 1971-2 PORTO ALEGRE;RS;431410;2
237;1973;BANCO BRADESCO AGENCIA- 1973 - 9 ESTEIO;RS;431410;9
237;1979;BANCO BRADESCO AGENCIA- 1979 - 8 - CACHOEIRINHA;RS;431410;8
237;1980;BCO.BRADESCO AGENCIA - 1980-1- CAMAQUA;RS;431410;1
237;1987;AGENCIA BRADESCO 1987 CASCAVEL;RS;431410;
237;2074;BANCO BRADESCO AGENCIA- 2074-5 - VENANCIO AIRES;RS;431410;5
237;2076;BANCO BRADESCO AGENCIA- 2076-1 - LAGES;RS;431410;1
237;2128;BCO.BRADESCO AGENCIA - 2128- 8 - CAMAQUA;RS;431410;8
237;2151;BANCO BRADESCO AG 2151-2 - ITAJAÍ;RS;431410;2
237;2162;BCO.BRADESCO AGENCIA - 2162-8 - FLORES DA CUNHA;RS;431410;8
237;2166;BANCO BRADESCO AGENCIA- 2166 - ESTRELA;RS;431410;
237;2183;BCO.BRADESCO AGENCIA - 2183- SHARLAU;RS;431410;
237;2193;BANCO BRADESCO AG 2193-8 PORTO ALEGRE;RS;431410;8
237;2227;BANCO BRADESCO AG 2227-6 ITAJAI;RS;431410;6
237;2263;BANCO BRADESCO AGENCIA- 2263 - 2 - HORIZONTINA;RS;431410;2
237;2270;AGENCIA BRADESCO 2270-5;RS;431410;5
237;2276;AGENCIA BRADESCO 2276 - 4-CARLOS GOMES-PORTO ALEGRE;RS;431410;4
237;2385;PASSO FUNDO;RS;431410;
237;2468;BANCO BRADESCO AGENCIA- 2468 - 6 - PORTO ALEGRE;RS;431410;6
237;2495;BCO.BRADESCO AG 2495-3-PRIME SAO PAULO;RS;431410;3
237;2603;BANCO BRADESCO AGENCIA- 2603 - 4 PORTO ALEGRE;RS;431410;4
237;2648;BCO.BRADESCO AGENCIA 2648-LONDRINA;RS;431410;
237;2659;AGENCIA BRADESCO 2659;RS;431410;
237;2794;BANCO BRADESCO AG 2794-4 PATO BRANCO;RS;431410;4
237;2824;BANCO BRADESCO AG 28240 SAO CARLOS SP;RS;431410;0
237;2869;BCO.BRADESCO AGENCIA - 2869 - CAXIAS DO SUL;RS;431410;
237;2888;BANCO BRADESCO AGENCIA- 2888-6 - PORTO ALEGRE;RS;431410;6
237;2890;BANCO BRADESCO AGENCIA - 2890-8- NOVO HAMBURGO;RS;431410;8
237;2907;BANCO BRADESCO AGENCIA- 2907 - 6 - ALVORADA;RS;431410;6
237;2932;BANCO BRADESCO AG 2932-7 PORTO ALEGRE;RS;431410;7
237;2941;BANCO BRADESCO AGENCIA- 2941 - SANTA MARIA;RS;431410;
237;2954;BANCO BRADESCO AGENCIA- 2954 - 8 - GUAPORE;RS;431410;8
237;3097;BANCO BRADESCO AG 3097 PELOTAS;RS;431410;
237;3125;BCO.BRADESCO AGENCIA - 3125-9 NOVA SANTA RITA;RS;431410;9
237;3143;BANCO BRADESCO AGENCIA- 3143 - 7 - PORTO ALEGRE;RS;431410;7
237;3145;BANCO BRADESCO AG 3145-3 PORTO ALEGRE;RS;431410;3
237;3152;BANCO BRADESCO AGENCIA- 3152-6 - NOVO HAMBURGO;RS;431410;6
237;3153;BANCO BRADESCO-AG 3153-4;RS;431410;4
237;3157;BANCO BRADESCO AGENCIA - 3157-7 LIVRAMENTO;RS;431410;7
237;3159;BCO.BRADESCO AGENCIA - 3159-3- URUGUAIANA;RS;431410;3
237;3194;BANCO BRADESCO AGENCIA- 3194 -1 - CARLOS BARBOSA;RS;431410;1
237;3236;BANCO BRADESCO AG 3236-0 CAXIAS DO SUL;RS;431410;0
237;3244;BANCO BRADESCO AG-3244-1 PRAIME PETROPOLIS RJ;RS;431410;1
237;3268;BCO.BRADESCO AGENCIA - 3268-9- ALEGRETE;RS;431410;9
237;3269;BCO.BRADESCO AGENCIA - 3269-7 BENTO GONCALVES;RS;431410;7
237;3270;BCO.BRADESCO AGENCIA - 3270-0 - CACHOEIRA;RS;431410;0
237;3271;BANCO BRADESCO AGENCIA- 3271 - 9 CANOAS;RS;431410;9
237;3272;BCO.BRADESCO AGENCIA - 3272-7- CARAZINHO;RS;431410;7
237;3273;BANCO BRADESCO AGENCIA-3273-5 - SALTO DO JACUI;RS;431410;5
237;3274;BCO.BRADESCO AGENCIA - 3274 - ERECHIM;RS;431410;
237;3275;BCO.BRADESCO AGENCIA - 3275 - 1 - IJUI;RS;431410;1
237;3276;BANCO BRADESCO AGENCIA- 3276 - 0 SANTA ROSA;RS;431410;0
237;3277;BCO.BRADESCO AGENCIA - 3277-8 - SANTO ANGELO;RS;431410;8
237;3278;BCO.BRADESCO AGENCIA - 3278-6- SAO BORJA;RS;431410;6
237;3279;BANCO BRADESCO AGENCIA - 3279- SAO GABRIEL;RS;431410;
237;3280;AGENCIA BRADESCO 3280-8 TOLEDO;RS;431410;8
237;3283;BANCO BRADESCO AGENCIA - 3283-2 PATO BRANCO;RS;431410;2
237;3301;ITAJAI;RS;431410;
237;3375;BANCO BRADESCO AGENCIA- 3375-1 - IJUI;RS;431410;1
237;3418;AGENCIA BRADESCO PRIME 3418;RS;431410;
237;3495;BANCO BRADESCO AG 3495 MARAU;RS;431410;
237;3510;BANCO BRADESCO AG 3510 BENTO GONCALVES;RS;431410;
237;3565;BANCO BRADESCO AG 3565-3 PORTO ALEGRE;RS;431410;3
237;3595;BANCO BRADESCO AG 3495-9 CAMPOS NOVOS;RS;431410;9
237;3750;BANCO BRADESCO NEXT 3750;RS;431410;
237;3871;AGENCIA 3871 BRADESCO NEXT;RS;431410;
237;3875;BANCO BRADESCO AGENCIA- 3875 - 1 IJUI;RS;431410;1
237;3881;BANCO BRADESCO AG 3881-4  - PONTA GROSSA;RS;431410;4
237;3962;BANCO BRADESCO AG 3962-4 ITAJAI;RS;431410;4
237;3980;AGENCIA 3980 BRADESCO;RS;431410;
237;3993;BANCO BRADESCO AGENCIA- 3993 - SÃO MATEUS DO SUL;RS;431410;
237;4499;AGENCIA SAO PAULO 4499;RS;431410;
237;5701;AGENCIA BRADESCO 5701-0 CASCAVEL;RS;431410;0
237;5706;BANCO BRADESCO AGENCIA - 5706 CORONEL VIVIDA;RS;431410;
237;5827;BANCO BRADESCO AGENCIA- 5827 - 0 CORONEL VIVIDA;RS;431410;0
237;5842;BANCO BRADESCO AGENCIA- 5842- 4 - MARMELEIRO;RS;431410;4
237;5852;BANCO BRADESCO AGENCIA - 5852-1-REALEZA;RS;431410;1
237;5861;BANCO BRADESCO AGENCIA-5861-STO ANTONIO DO SULDESTE;RS;431410;
237;5919;BANCO BRADESCO AGENCIA- 5919- 6 - SÃO FRANCISCO DE ASSIS;RS;431410;6
237;5921;BANCO BRADESCO AGENCIA- 5921-8 - CHARQUEADAS;RS;431410;8
237;5931;BANCO BRADESCO AGENCIA - 5931 - ESPUMOSO;RS;431410;
237;5934;BANCO BRADESCO AGENCIA-5934 - HORIZONTINA;RS;431410;
237;5942;BANCO BRADESCO AGENCIA - 5942-0- STA VITORIA DO PALMAR;RS;431410;0
237;5945;BANCO BRADESCO AGENCIA- 5945 - 5 SÃO JERONIMO;RS;431410;5
237;5949;BANCO BRADESCO AGENCIA- 5949 -8 - RONDA ALTA;RS;431410;8
237;6006;BANCO BRADESCO AGENCIA- 6006 - DOIS VIZINHOS;RS;431410;
237;6051;BANCO BRADESCO AGENCIA-6051 - TAPEJARA;RS;431410;
237;6075;BANCO BRADESCO AGENCIA- 6075 - PINHAO;RS;431410;
237;6088;BCO.BRADESCO AGENCIA - 6088-7 - FRANCISCO BELTRAO;RS;431410;7
237;6240;AGENCIA 6240 BRADESCO PRIME;RS;431410;
237;6332;BANCO BRADESCO AG 6332- RIO DE JANEIRO;RS;431410;
237;6432;BANCO BRADESCO AGENCIA-6432-7 - PATO BRANCO;RS;431410;7
237;6454;BANCO BRADESCO AGENCIA- 6454-8 - PONTA GROSSA;RS;431410;8
237;6465;BANCO BRADESCO AGENCIA- 6465 - PRUDENTOPOLIS;RS;431410;
237;6510;BANCO BRADESCO AGENCIA- 6510 - 2 - PORTO ALEGRE;RS;431410;2
237;6521;BANCO BRADESCO AGENCIA- 6521- 8 - SAO LEOPOLDO;RS;431410;8
237;6608;BANCO BRADESCO AG 6608-7 - PONTA GROSSA;RS;431410;7
237;6750;BANCO BRADESCO AGENCIA - 6750-4-UNIAO DA VITORIA;RS;431410;4
237;6945;BANCO BRADESCO AG 6945-0 -POUSO REDONDO;RS;431410;0
237;7160;AGENCIA 7160 BRADESCO NEXT;RS;431410;
237;7171;BANCO BRADESCO AGENCIA-7171-4 - ALEGRETE;RS;431410;4
237;7173;BANCO BRADESCO AGENCIA - 7173-0- BENTO GONCALVES;RS;431410;0
237;7174;BANCO BRADESCO AGENCIA - 7174-9- CACHOIRINHA;RS;431410;9
237;7177;BANCO BRADESCO AGENCIA- 7177-3 - UCANOAS;RS;431410;3
237;7178;BCO.BRADESCO AGENCIA 7178-8-CARAZINHO;RS;431410;8
237;7182;BANCO BRADESCO AGENCIA- 7182 - ESTEIO;RS;431410;
237;7187;BANCO BRADESCO AGÊNCIA -7187-CACHOEIRINHA;RS;431410;0
237;7194;BANCO BRADESCO AG. 7194-3;RS;431410;
237;7195;BANCO BRADESCO AGENCIA- 7195 - PELOTAS;RS;431410;
237;7198;BANCO BRADESCO AG 7198-6 - VIAMAO;RS;431410;6
237;7202;BCO.BRADESCO AGENCIA - 7202-8 PORTO ALEGRE;RS;431410;8
237;7211;BCO.BRADESCO AGENCIA 7211-7 - RIO GRANDE;RS;431410;7
237;7213;BCO.BRADESCO - AGENCIA - 7213-3-STA.MARIA;RS;431410;
237;7217;BCO.BRADESCO AGENCIA - 7217-6 - SÃO GABRIEL;RS;431410;6
237;7218;BANCO BRADESCO AGENCIA- 7218 - 4-SAO LEOPOLDO;RS;431410;4
237;7220;BANCO BRADESCO AGENCIA- 7220-6- CAXIAS DO SUL;RS;431410;6
237;7221;BCO.BRADESCO AGENCIA - 7221-4 - VACARIA;RS;431410;4
237;7227;BANCO BRADESCO AGENCIA - 7227-3- CORREIA PINTO;RS;431410;3
237;7234;BANCO BRADESCO AGENCIA- 7234- CONCORDIA;RS;431410;
237;7237;BANCO BRADESCO AG 7237 SERAFINA CORREA;RS;431410;
237;7252;BANCO BRADESCO AG 7252 ITAJAI;RS;431410;
237;7260;BCO.BRADESCO AGENCIA - 7260-5 - LAGES;RS;431410;5
237;7264;BANCO BRADESCO AGÊNCIA - 7264-8 - MORRO DA FUMACA;RS;431410;8
237;7267;BANCO BRADESCO AGENCIA- 7267-2 - OTACILIO COSTA;RS;431410;2
237;7275;BANCO BRADESCO AGENCIA - 7275-3 S. LOURENÇO DO OESTE;RS;431410;3
237;7346;BCO.BRADESCO AGENCIA - 7346-6 - SANTO ANGELO;RS;431410;6
237;8770;AGENCIA BRADESCO 8770 GRAVATAI;RS;431410;
237;13064;ROSARIO DO SUL;RS;431410;
237;16357;DOM PEDRITO;RS;431410;
237;34959;BANCO BRADESCO AG 3495-9 CAMPOS NOVOS;RS;431410;
341;3748;BCO.ITAU AG - 3748 - MORUMBI - SÃO PAULO;RS;431410;
341;3755;BANCO ITAU - AG - 3755- PERSONALITE MOEMA - SP;RS;431410;
341;3758;BANCO ITAU - AGENCIA - 3758 - STO.AMARO - SP;RS;431410;
341;3779;BANCO ITAU - AGENCIA 3779-PIRAI DO SUL-PR;RS;431410;
341;3789;BCO ITAU;RS;431410;
380;1;AGENCIA 0001 BANCO PICPAY;RS;431410;
399;5;PONTA GROSSA;RS;431410;
399;15;P.FUNDO;RS;431410;5
399;32;CASCAVEL;RS;431410;
399;47;FRANCISCO BELTR;RS;431410;
399;48;PATO BRANCO;RS;431410;
399;54;BANCO HSBC - AG 0054 - CURITIBA - PR;RS;431410;
399;62;BANCO HSBC-AG 0062-UNIAO DA VITORIA;RS;431410;
399;66;TOLEDO;RS;431410;
399;69;HSBC - 0069 - GUARAPUAVA - PR;RS;431410;
399;77;NOVA RUSSIA;RS;431410;
399;83;BCO.HSBC- AGENCIA 083- DOIS VIZINHOS - PR;RS;431410;
399;86;BANCO HSBC - AG 0086 - LARANJEIRAS DO SUL - PR;RS;431410;
399;117;BANCO HSBC AG 117 - REALEZA - PR;RS;431410;
399;128;BLUMENAU;RS;431410;
399;129;BANCO HSBC-AGENCIA 129 - CAÇADOR - SC;RS;431410;
399;130;CHAPECO;RS;431410;
399;133;BCO.HSBC - AGENCIA 133-CURITIBANOS - SC;RS;431410;
399;134;SAO JOSE;RS;431410;
399;141;JOINVILLE;RS;431410;
399;142;LAGES;RS;431410;
399;143;CORAL;RS;431410;
399;144;MAFRA;RS;431410;
399;150;BCO.HSBC - AGENCIA - 0150- SÃO LOURENÇO DO OESTE -;RS;431410;
399;153;CARAZINHO;RS;431410;
399;154;CRUZ ALTA;RS;431410;
399;155;P.FUNDO;RS;431410;
399;156;PELOTAS;RS;431410;
399;157;CENTRO;RS;431410;
399;159;RIO GRANDE;RS;431410;
399;160;SANTA MARIA;RS;431410;
399;161;SANTO ANGELO;RS;431410;
399;162;BANCO HSBC-AGENCIA 0162-VACARIA;RS;431410;
399;273;BANCO HSBC-AG 273-IJUI;RS;431410;
399;303;BANCO HSBC - AG 303-PORTO ALEGRE;RS;431410;
399;325;NOVO HAMBURGO;RS;431410;
399;359;BCO.HSBC-AG-359- LAPA - PR;RS;431410;
399;381;BCO. HSBC - AGENCIA 381 - PALMEIRA - PR;RS;431410;
399;395;BCO.HSBC - AGENCIA 395-19 -PALMAS - PR;RS;431410;19
399;470;SAO MIGUEL;RS;431410;
399;471;XANXERE;RS;431410;
399;472;BANCO HSBC- AG 0472-CLEVELANDIA - PR;RS;431410;
399;474;CANOAS;RS;431410;
399;483;BCO.HSBC - AG 483 -SAO BORJA;RS;431410;
399;488;PONTE AMIZADE;RS;431410;
399;497;SAO LEOPOLDO;RS;431410;
399;505;ALEGRETE;RS;431410;
399;506;BANCO HSBC-AG 0506-URUGUAIANA;RS;431410;
399;622;MARAU;RS;431410;
399;684;CONCORDIA;RS;431410;
399;939;HSBC AG-939 -BAGE;RS;431410;
399;1040;CANOINHAS;RS;431410;
399;1053;ERECHIM;RS;431410;
399;1078;BANCO HSBC- AG 1078 - VIDEIRA - SC;RS;431410;
399;1140;BENTO GONCALVES;RS;431410;
399;1143;BANCO HSBC - AGENCIA 1143-CORREIA PINTO;RS;431410;
399;1144;BANCO HSBC - AG 1144 - OTACILIO COSTA;RS;431410;
399;1209;LIVRAMENTO;RS;431410;
399;1210;CAXIAS DO SUL;RS;431410;
399;1231;PROTASIO ALVES;RS;431410;
399;1244;BANCO HSBC-AG 1244 - LAJEADO - RS;RS;431410;
399;1280;CAMPOS NOVOS;RS;431410;
399;1285;BCO.HSBC - AG 1285 - SANTIAGO;RS;431410;
399;1288;BCO.HSBC - AG 1288 - CACHOEIRINHA - RS;RS;431410;
399;1303;ARARANGUA;RS;431410;
399;1330;GRAVATAI;RS;431410;
399;1340;SAO JOSE;RS;431410;
399;1386;HSBC AG 1386- SANTA CRUZ DO SUL;RS;431410;
399;1400;BCO.HSBC- AGENCIA 1400-SAPIRANGA DO SUL-RS;RS;431410;
399;1415;ESTEIO;RS;431410;
399;1505;BANCO HSBC-AG 1505- FRAIBURGO;RS;431410;
399;1526;BANCO HSBC- AG 1526 - MONTENEGRO -RS;RS;431410;
399;1536;HSBC-AG 1536 CAMAQUA;RS;431410;
399;1548;BANCO HSBC- AG 1548 - SÃO GABRIEL;RS;431410;
399;1550;PASSO FUNDO;RS;431410;
399;1579;BANCO HSBC- AG 1579 - PANAMBI;RS;431410;
399;1832;BAL. CAMBORIU;RS;431410;
399;2648;BCO.BRADESCO AGENCIA 2648-LONDRINA;RS;431410;
399;3125;BANCO BRADESCO AG. 3125-9;RS;431410;9
399;5701;AGENCIA BRADESCO 5701-0 CASCAVEL;RS;431410;0
399;6840;CONCORDIA;RS;431410;
399;7211;BCO.BRADESCO AGENCIA 7211-7 - RIO GRANDE;RS;431410;7
399;7213;BCO.BRADESCO - AGENCIA - 7213-3-STA.MARIA;RS;431410;
399;14160;COLISEU;RS;431410;
409;104;BANCO UNIBANCO - AG 104 - SAO PAULO;RS;431410;
409;2291;SANTA CRUZ SUL;RS;431410;
409;2450;BAGE;RS;431410;
409;2712;URUGUAIANA;RS;431410;
409;3433;BENTO GONCALVES;RS;431410;
409;4251;FARROUPILHA;RS;431410;
409;4560;MONTENEGRO;RS;431410;
449;449;AGENCIA SAO PAULO 4499;RS;431410;
479;0;MOINHOS D VENTO;RS;431410;3
479;3;MOINHOS D VENTO;RS;431410;
641;493;CURITIBA;RS;431410;
641;2367;PASSO FUNDO;RS;431410;
745;23;BCO.CITIBANK- AGENCIA 023-FUNCHAL;RS;431410;
748;24;BANCO SICREDI AGENCIA- 024 - SOLEDADE;RS;431410;
748;100;BCO.SICREDI AGENCIA 100-9 - SÃO JERONIMO;RS;431410;9
748;101;BANCO SICREDI AGENCIA- 0101 - SÃO FRANCISCO DE ASSIS;RS;431410;
748;108;BANCO SICREDI AGENCIA- 0108 - BENTO GONÇALVES;RS;431410;
748;109;BCO.SICREDI - AGENCIA 0109-TAQUARA - RS;RS;431410;
748;116;BCO.SICREDI AG- 116 - CACHOEIRINHA;RS;431410;
748;119;BCO.SICREDI AG - 119 - TRIUNFO - RS;RS;431410;
748;122;BANCO SICREDI - AG 1222- VACARIA;RS;431410;2
748;136;BCO.SICREDI AG- 136 - ENCANTADO - RS;RS;431410;
748;140;BANCO SICREDI - AG 1409 SANTO ANGELO;RS;431410;9
748;155;BCO.SICREDI AG- 0155 - PORTO ALEGRE;RS;431410;
748;156;BCO.SICREDI AGENCIA - 156 - STA CRUZ DO SUL;RS;431410;
748;167;BCO.SICREDI AGENCIA - 167 -BENTO GONÇALVES;RS;431410;
748;168;BANCO SICREDI AGENCIA- 0168 - BENTO GONÇALVES;RS;431410;
748;179;BANCO SICREDI AGENCIA- 0179 - LAJEADO;RS;431410;
748;211;BCO.SICREDI - AGENCIA 211 -CARAZINHO-RS;RS;431410;
748;217;BANCO SICREDI - AGENCIA 0217;RS;431410;
748;218;BCO.SICREDI - AGENCIA 218-ESPUMOSO - RS;RS;431410;
748;221;BANCO SICREDI AGENCIA - 0221- GETULIO VARGAS;RS;431410;
748;226;BCO.SICREDI - AGENCIA 0226-MARAU;RS;431410;
748;228;BANCO SICREDI - AG 0228;RS;431410;
748;229;BANCO SICREDI-AGENCIA 229-LAGOA VERMELHA;RS;431410;
748;230;BCO.SICREDI - AGENCIA 0230-FREDERICO;RS;431410;
748;237;BANCO SICREDI - AG 237 FREDERICO;RS;431410;
748;247;BANCO SICREDI AGENCIA - 0247 ARVOREZINHA;RS;431410;04
748;258;BCO.SICREDI - AGENCIA 258-CORONEL FREITAS;RS;431410;
748;259;BCO.SICREDI - AGENCIA 259-LAGOA VERMEHA;RS;431410;
748;268;BCO.SICREDI - AGENCIA 268- NOVA PATA;RS;431410;
748;269;BANCO SICREDI AGENCIA- 0269 - VACARIA;RS;431410;
748;285;BANCO SICREDI - AGENCIA 0285  - XAXIM;RS;431410;
748;306;BANCO SICREDI - CRISSIUMAL;RS;431410;
748;307;BCO.SICREDI AG- 307 - SANTO ANGELO;RS;431410;
748;313;BCO.SICREDI AGENCIA - 0313 - TRES PASSOS;RS;431410;
748;333;BCO.SICREDI AGENCIA - 333-CRUZ ALTA;RS;431410;
748;361;BCO.SICREDI - AGENCIA 361- IJUI - RS;RS;431410;
748;403;BCO.SICREDI AGENCIA - 403- ARROIO DO TIGRE;RS;431410;
748;407;BANCO SICREDI - AGENCIA 407  - SANTIAGO;RS;431410;
748;434;BCO.SICREDI - AGENCIA 0434- STA MARIA;RS;431410;
748;437;BCO.SICREDI AGENCIA - 0437 - JAGUARI;RS;431410;
748;516;BANCO SICREDI - AGENCIA 516  - RIO PARDO;RS;431410;
748;523;BCO.SICREDI - AGENCIA 523 - ALEGRETE;RS;431410;
748;533;BANCO SICREDI AGENCIA- 0533 - ROSARIO;RS;431410;
748;539;BANCO SICREDI-AGENCIA 539-BENTO GONCALVES;RS;431410;
748;544;BANCO SICREDI - AGENCIA 0544 - IBIRUBA;RS;431410;
748;651;BCO.SICREDI - AGENCIA 651-BAGE - RS;RS;431410;
748;663;BCO.SICREDI AGENCIA 663-RIO GRANDE;RS;431410;
748;703;BANCO SICREDI AGENCIA - 0703- PINHAO;RS;431410;
748;704;AGENCIA SICREDI 0704 NOVA SANTA ROSA;RS;431410;
748;707;BANCO SICREDI - AG 7074 AMPERE;RS;431410;4
748;710;BANCO SICREDI AGENCIA- 0710 - CASCAVEL;RS;431410;
748;719;BCO.SICREDI - AGENCIA 719- PRUDENTOPOLIS;RS;431410;
748;725;BCO.SICREDI - AG- 0725 - CANOINHAS - SC;RS;431410;
748;726;SICREDI IBIRAIARAS 0726;RS;431410;
748;727;BANCO SICREDI AGENCIA - 0727- LARANJEIRAS DO SUL;RS;431410;
748;730;BCO.SICREDI AG - 730 - PALMEIRA;RS;431410;
748;734;BANCO SICREDI AGENCIA - 0734- ABELARDO LUZ;RS;431410;
748;737;BCO.SICREDI - AGENCIA 737- CLEVELANDIA;RS;431410;
748;738;BANCO SICREDI AG- 0738 - REALEZA;RS;431410;
748;740;BCO.SICREDI AGENCIA - 0740 - SAO LOURENCO DO OESTE;RS;431410;
748;779;BCO.SICREDI AGENCIA 779 - UNIÃO VITORIA - PR;RS;431410;
748;1016;BANCO SICREDI - AGENCIA 1016 - TAQUARI;RS;431410;
748;1052;BANCO SICREDI - AGENCIA 1052 - SERAFINA CORREA;RS;431410;
748;1055;BCO.SICREDI AGENCIA - 1055 - TRES PASSOS;RS;431410;
748;1058;BCO.SICREDI AGENCIA - 1058 - SELBACH;RS;431410;
748;1060;BANCO SICREDI AGENCIA- 1060 -BARROS CASSAL;RS;431410;
748;1063;BANCO SICREDI - AGENCIA 1063 - NONOAI;RS;431410;
748;1082;BANCO SICREDI AGENCIA -1082-BOA VISTA DO BURICA;RS;431410;
748;1094;BANCO SICREDI - AGENCIA 1094 -TRES PASSOS;RS;431410;
748;1095;BANCO SICREDI - AGENCIA 1095  - CHAPADA;RS;431410;
748;1131;BANCO SICREDI - AGENCIA 1131  - QUARAI;RS;431410;
748;1132;BANCO SICREDI - AGENCIA 1132 - ROSARIO DO SUL;RS;431410;
748;1135;BANCO SICREDI AGENCIA - 1135 - CAMAQUA;RS;431410;
748;1140;BANCO SICREDI AGENCIA- 1140 - LIVRAMENTO;RS;431410;
748;1152;BCO.SICREDI AGENCIA - 1152 - MONTENEGRO;RS;431410;
748;1159;BANCO SICREDI AGENCIA - 1159- ANTONIO PRADO;RS;431410;
748;1180;BCO.SICREDI -AGENCIA -1180-ZONA SUL;RS;431410;
748;1272;BANCO SICREDI - AGENCIA 1272-SANTA MARIA;RS;431410;
748;1274;BCO.SICREDI AGENCIA 1274- STA. MARIA;RS;431410;
748;1317;BANCO SICREDI - AGENCIA 1317-TRIUNFO;RS;431410;
748;1377;BCO.SICREDI AGENCIA 1377- FREDERICO;RS;431410;
748;1378;BANCO SICREDI AGENCIA- 1378 - CARAZINHO;RS;431410;
748;1411;BANCO SICREDI AGENCIA- 1411 - SAO BORJA;RS;431410;
748;1462;BCO.SICREDI AGENCIA - 1462 - BAGEI;RS;431410;
748;1478;BANCO SICREDI - AG 1478 SAO CRISTOVAO;RS;431410;
748;1489;BCO.SICREDI AGENCIA 1489-ALEGRETE;RS;431410;
748;1508;BANCO SICREDI AGENCIA - 1508- CUNHA PORA;RS;431410;
748;1525;BANCO SICREDI AGENCIA - 1525 - SÃO LOURENCO DO OESTE;RS;431410;
748;1529;BCO.SICREDI AGENCIA 1529-CONCORDIA;RS;431410;
748;1533;BANCO SICREDI - AGENCIA 1533 - XAXIM;RS;431410;
748;1536;BANCO SICREDI AGENCIA- 1536 - CANOINHAS;RS;431410;
748;1734;BANCO BRADESCO AGENCIA- 1734- ABELARDO LUZ;RS;431410;
748;1753;BANCO SICREDI AGENCIA- 1753 - CANDELARIA;RS;431410;
748;2604;BANCO SICREDI - AGENCIA 2604 - SIDEROPOLIS;RS;431410;
748;2858;BCO.SICREDI AGENCIA - 2858 - XAXIM;RS;431410;
748;3272;BANCO SICREDI AGENCIA- 3272 - 7 - CARAZINHO;RS;431410;7
748;3727;BANCO SICREDI AGENCIA - 3727-CONCORDIA;RS;431410;
748;3737;BANCO SICREDI - AGENCIA 3737  - SANTA ROSA;RS;431410;
748;5516;BANCO SICREDI AGENCIA- 5516 - AMPERE;RS;431410;
748;5525;BANCO SICREDI AGENCIA - 5525- SAO SEPE;RS;431410;
748;7044;BANCO SICREDI - AGENCIA 7044 - SANTO ANTONIO DO SULDESTE;RS;431410;
748;7108;BANCO SICREDI - AGENCIA 7108 - BARRACAO;RS;431410;
748;7208;BANCO SICREDI AGENCIA - 7208- UNIAO DA VITORIA;RS;431410;
748;8433;BANCO SICREDI AGENCIA - 8433 - SANTA MARIA;RS;431410;
748;8434;BANCO SICREDI AGENCIA - 8434 - SANTA MARIA;RS;431410;
748;39531;BANCO SICREDI - AGENCIA 0730  - PONTA GROSSA;RS;431410;4
797;797;BANCO BRADESCO AGENCIA 797 PARANA;RS;431410;8
1274;1274;BCO.SICREDI AGENCIA 1274- STA. MARIA;RS;431410;
2824;2824;BANCO BRADESCO AG 28240 SAO CARLOS SP;RS;431410;
4499;4499;AGENCIA SAO PAULO 4499;RS;431410;
78511;7194;AGENCIA 7194-3 PASSO FUNDO;RS;431410;3
127205;3278;AGENCIA 3278 - SAO BORJA;RS;431410;
4309106;449;AGENCIA SAO PAULO 4499;RS;431410;
