ESTCAR;CODCAR;TITRED;TITCAR;CODCB2;DATCRI;DATEXT;CNHOBR;OCLOBR;CODSIG
1;276;GOVERNANTA;GOVERNANTA;5131-05;2025-12-22;;;;
1;277;CHEFE DE SE«√O IV;CHEFE DE SE«√O IV;4101-05;2025-12-22;;;;
1;280;SUPERVISOR DE LOGISTICA;SUPERVISOR DE LOGISTICA;1416-15;2025-12-22;;;;
1;281;ANALISTA PROGRAMADOR;ANALISTA PROGRAMADOR;2124-05;2025-12-22;;;;
1;282;AUXILIAR DE SUPORTE;AUXILIAR DE SUPORTE;3172-05;2025-12-22;;;;
1;283;GERENTE ANALISTA DE SISTEMAS;GERENTE ANALISTA DE SISTEMAS;1425-10;2025-12-22;;;;
1;295;AUXILIAR DE PESSOAL V;AUXILIAR DE PESSOAL V;4110-30;2025-12-22;;;;
1;299;GERENTE DE MARKETING;GERENTE DE MARKETING;1423-15;2025-12-22;;;;
1;304;GERENTE DE LOJA POR MENOS E;GERENTE DE LOJA POR MENOS E;1414-15;2025-12-22;;;;
1;305;ORIENTADOR DE VENDAS (GZT);ORIENTADOR DE VENDAS (GZT);3541-25;2025-12-22;;;;
1;306;TRABALHADOR DE EXTRA«√O FLORES;TRABALHADOR DE EXTRA«√O FLORESTAL;6321-25;2025-12-22;;;;
1;307;GERENTE JURÕDICA - ¡REA TRABAL;GERENTE JURÕDICA - ¡REA TRABALHISTA;1421-05;2025-12-22;;;;
1;308;DIRETOR DE TECNOLOGIA;DIRETOR DE TECNOLOGIA;1236-05;2025-12-22;;;;
1;310;APRENDIZ LOGISTICA;APRENDIZ LOGISTICA;4110-10;2025-12-22;;;;
1;322;LIDER TECH J⁄NIOR;LIDER TECH J⁄NIOR;2124-05;2025-12-22;;;;
1;154;INSTRUTOR;INSTRUTOR;2332-15;2025-12-22;;;;
1;155;INSTRUTOR VOLANTE;INSTRUTOR VOLANTE;2332-15;2025-12-22;;;;
1;156;INSTRUTOR II;INSTRUTOR II;2332-15;2025-12-22;;;;
1;157;INSTRUTOR III;INSTRUTOR III;2332-15;2025-12-22;;;;
1;158;ANALISTA DE PERDAS DE ESTOQU;ANALISTA DE PERDAS DE ESTOQU;2522-05;2025-12-22;;;;
1;159;AUDITOR II;AUDITOR II;2522-05;2025-12-22;;;;
1;160;ANAL.PERDAS EM CREDITO/COBRA;ANAL.PERDAS EM CREDITO/COBRA;2522-05;2025-12-22;;;;
1;161;AUXILIAR DE CONTABILIDADE II;AUXILIAR DE CONTABILIDADE II;4131-10;2025-12-22;;;;
1;163;MEDICO DO TRABALHO;MEDICO DO TRABALHO;2251-40;2025-12-22;;;;
1;164;ASSISTENTE VICE PRESIDENCIA.;ASSISTENTE VICE PRESIDENCIA.;4110-10;2025-12-22;;;;
1;165;AUX.ESCRITORIO DIRETORES I;AUX.ESCRITORIO DIRETORES I;4110-05;2025-12-22;;;;
1;166;AUX.DE ESCRITORIO DIRETORES;AUX.DE ESCRITORIO DIRETORES;4110-05;2025-12-22;;;;
1;167;AUX.ESCRITORIO DIRETORES III;AUX.ESCRITORIO DIRETORES III;4110-05;2025-12-22;;;;
1;169;ENCARREGADO DE ICMS;ENCARREGADO DE ICMS;3511-10;2025-12-22;;;;
1;170;AUXILIAR ESCRITORIO III;AUXILIAR ESCRITORIO III;4110-05;2025-12-22;;;;
1;171;AUXILIAR DE ESCRITORIO IV;AUXILIAR DE ESCRITORIO IV;4110-05;2025-12-22;;;;
1;172;AUXILIAR DE ESCRITORIO V;AUXILIAR DE ESCRITORIO V;4110-05;2025-12-22;;;;
1;174;OPERADOR DE EMPILHADEIRA II;OPERADOR DE EMPILHADEIRA II;7822-20;2025-12-22;;;;
1;175;AUX. DISTRIBUICAO TEMPORARIO;AUX. DISTRIBUICAO TEMPORARIO;7832-10;2025-12-22;;;;
1;177;AUXILIAR DE PESSOAL IV;AUXILIAR DE PESSOAL IV;4110-30;2025-12-22;;;;
1;178;AUXILIAR DE ESCRITORIO;AUXILIAR DE ESCRITORIO;4110-05;2025-12-22;;;;
1;179;CIEE AUX. DISTRIBUICAO;CIEE AUX. DISTRIBUICAO;7832-10;2025-12-22;;;;
1;180;AUXILIAR DE ALMOXARIFADO II;AUXILIAR DE ALMOXARIFADO II;4141-05;2025-12-22;;;;
1;183;CIE-E AUXILIAR DE ESCRITORIO;CIE-E AUXILIAR DE ESCRITORIO;4110-05;2025-12-22;;;;
1;185;GERENTE LOJA FRANCO B;GERENTE LOJA FRANCO B;1414-15;2025-12-22;;;;
1;186;GERENTE LOJA FRANCO C;GERENTE LOJA FRANCO C;1414-15;2025-12-22;;;;
1;188;GERENTE LOJA TOTTAL A;GERENTE LOJA TOTTAL A;1414-15;2025-12-22;;;;
1;189;GERENTE LOJA TOTTAL B;GERENTE LOJA TOTTAL B;1414-15;2025-12-22;;;;
1;190;GERENTE LOJA TOTTAL C;GERENTE LOJA TOTTAL C;1414-15;2025-12-22;;;;
1;191;GERENTE LOJA TOTTAL D;GERENTE LOJA TOTTAL D;1414-15;2025-12-22;;;;
1;192;GERENTE LOJA TOTTAL E;GERENTE LOJA TOTTAL E;1414-15;2025-12-22;;;;
1;195;GERENTE VIA RAQUELE C;GERENTE VIA RAQUELE C;1414-15;2025-12-22;;;;
1;196;GERENTE DE LOJA TECH BOX;GERENTE DE LOJA TECH BOX;1414-15;2025-12-22;;;;
1;197;SUB-GERENTE LOJA;SUB-GERENTE LOJA;4101-05;2025-12-22;;;;
1;198;CAIXA  (POR MENOS);CAIXA  (POR MENOS);4211-25;2025-12-22;;;;
1;199;APRENDIZ DE CAIXA TOTTAL;APRENDIZ DE CAIXA TOTTAL;4211-25;2025-12-22;;;;
1;200;AUX.LOJA TEMP. CAIXA TOT;AUX.LOJA TEMP. CAIXA TOT;4211-25;2025-12-22;;;;
1;201;CAIXA(VIA RAQUELE);CAIXA(VIA RAQUELE);4211-25;2025-12-22;;;;
1;202;APRENDIZ DE AUX.VENDAS TOTTA;APRENDIZ DE AUX.VENDAS TOTTA;5211-10;2025-12-22;;;;
1;203;CIE-E DE AUX.VENDAS TOTTAL;CIE-E DE AUX.VENDAS TOTTAL;5211-10;2025-12-22;;;;
1;204;AUX. DE LOJA TEMPORARIO;AUX. DE LOJA TEMPORARIO;3541-25;2025-12-22;;;;
1;205;AUX.DE LOJA TEMPORARIO  CIE-;AUX.DE LOJA TEMPORARIO  CIE-;3541-25;2025-12-22;;;;
1;206;AUXILIAR DE LOJA (POR MENOS);AUXILIAR DE LOJA (POR MENOS);3541-25;2025-12-22;;;;
1;208;AUX.ESCRITORIO (FRG);AUX.ESCRITORIO (FRG);4110-05;2025-12-22;;;;
1;209;APRENDIZ DE AUX.ESCRIT. FRANCO;APRENDIZ DE AUX.ESCRIT. FRANCO;4110-05;2025-12-22;;;;
1;210;AUXILIAR DE LOJA I;AUXILIAR DE LOJA I;3541-25;2025-12-22;;;;
1;211;AUX.LOJA TEMP.AUX.LOJA PM;AUX.LOJA TEMP.AUX.LOJA PM;3541-25;2025-12-22;;;;
1;212;CIE-E AUX.LOJA P.M;CIE-E AUX.LOJA P.M;3541-25;2025-12-22;;;;
1;213;APRENDIZ *AUXILIAR DE LOJA*;APRENDIZ *AUXILIAR DE LOJA*;3541-25;2025-12-22;;;;
1;214;EMPACOTADORA;EMPACOTADORA;3541-25;2025-12-22;;;;
1;215;VENDEDOR     (TOTTAL);VENDEDOR     (TOTTAL);5211-10;2025-12-22;;;;
1;216;APRENDIZ - VENDAS;APRENDIZ - VENDAS;5211-10;2025-12-22;;;;
1;217;CIE-E VENDEDOR TOTTAL;CIE-E VENDEDOR TOTTAL;5211-10;2025-12-22;;;;
1;218;*AUX.LOJA TEMP.VENDEDOR TOTT;*AUX.LOJA TEMP.VENDEDOR TOTT;5211-10;2025-12-22;;;;
1;219;VENDEDOR MODA FEMININA;VENDEDOR MODA FEMININA;5211-10;2025-12-22;;;;
1;221;APRENDIZ DE VENDEDOR FRANCO;APRENDIZ DE VENDEDOR FRANCO;5211-10;2025-12-22;;;;
1;222;CIEE-E DE VENDEDOR FG;CIEE-E DE VENDEDOR FG;5211-10;2025-12-22;;;;
1;223;VEND.MAT.DE CONSTRUCAO;VEND.MAT.DE CONSTRUCAO;5211-10;2025-12-22;;;;
1;224;VENDEDOR M/C;VENDEDOR M/C;5211-10;2025-12-22;;;;
1;225;VEND.MODA MASCULINA;VEND.MODA MASCULINA;5211-10;2025-12-22;;;;
1;227;CIE-E DE ORIENT.VENDA;CIE-E DE ORIENT.VENDA;3541-25;2025-12-22;;;;
1;229;VENDEDOR        (TECH BOX);VENDEDOR        (TECH BOX);5211-10;2025-12-22;;;;
1;231;VENDEDOR M.FEMININA;VENDEDOR M.FEMININA;5211-10;2025-12-22;;;;
1;4;DIRETOR VICE-PRESIDENTE;DIRETOR VICE-PRESIDENTE;1210-10;2025-12-22;;;;
1;5;DIRETOR COMERCIAL;DIRETOR COMERCIAL;1210-10;2025-12-22;;;;
1;24;ASSISTENTE ADMINISTRATIVO;ASSISTENTE ADMINISTRATIVO;4110-10;2025-12-22;;;;
1;68;SERVENTE;SERVENTE;5143-20;2025-12-22;;;;
1;168;ESTAGIARIO;ESTAGIARIO;4110-05;2025-12-22;;;;
1;181;PORTEIRO;PORTEIRO;5174-10;2025-12-22;;;;
1;235;AUX. DE MONITORAMENTO;AUX. DE MONITORAMENTO;5173-30;2025-12-22;;;;
1;237;RECEPCIONISTA DE BALCAO;RECEPCIONISTA DE BALCAO;4221-05;2025-12-22;;;;
1;238;AUX. ADMINISTRATIVO I;AUX. ADMINISTRATIVO I;4110-10;2025-12-22;;;;
1;239;RECEPCIONISTA ADMINISTRACAO;RECEPCIONISTA ADMINISTRACAO;4221-05;2025-12-22;;;;
1;241;ENCARREGADO DE MANUTENCAO E LI;ENCARREGADO DE MANUTENCAO E LIMPEZA;5142-10;2025-12-22;;;;
1;242;ELETRICISTA;ELETRICISTA;9511-05;2025-12-22;;;;
1;244;SUPERVISOR;SUPERVISOR;5201-10;2025-12-22;;;;
1;245;AUX.ADMINISTRATIVO II;AUX.ADMINISTRATIVO II;4110-10;2025-12-22;;;;
1;246;ASSESSORA DE MARKETING;ASSESSORA DE MARKETING;2531-15;2025-12-22;;;;
1;247;GERENTE GERAL;GERENTE GERAL;1421-05;2025-12-22;;;;
1;248;ENCARREGADO DE LIMPEZA;ENCARREGADO DE LIMPEZA;5143-25;2025-12-22;;;;
1;249;SUPERVISOR OPERACIONAL;SUPERVISOR OPERACIONAL;5201-10;2025-12-22;;;;
1;3;DIRETOR PRESIDENTE;DIRETOR PRESIDENTE;1210-10;2025-12-22;;;;
1;127;DIRETOR VICE PRESIDENTE;DIRETOR VICE PRESIDENTE;1210-10;2025-12-22;;;;
1;142;TECNICO SEG. DO TRABALHO;TECNICO SEG. DO TRABALHO;3516-05;2025-12-22;;;;
1;144;TEC.ENFERMAGEM DO TRABALHO;TEC.ENFERMAGEM DO TRABALHO;3222-15;2025-12-22;;;;
1;149;AUXILIAR DE ARQUITETURA;AUXILIAR DE ARQUITETURA;3185-05;2025-12-22;;;;
1;250;AUX. T…C. EM MANUTENCAO;AUX. T…C. EM MANUTENCAO;3172-10;2025-12-22;;;;
1;251;AUXILIAR DE LOJA (ARRAZZO);AUXILIAR DE LOJA (ARRAZZO);3541-25;2025-12-22;;;;
1;252;GERENTE LOJA (ARRAZZO);GERENTE LOJA (ARRAZZO);1414-15;2025-12-22;;;;
1;253;ENCARREGADO FINANCEIRO;ENCARREGADO FINANCEIRO;4131-10;2025-12-22;;;;
1;254;ENCARREGADO DE CONTABILIDADE;ENCARREGADO DE CONTABILIDADE;4131-10;2025-12-22;;;;
1;121;ORIENTADOR DE VENDA (TOTTAL);ORIENTADOR DE VENDA (TOTTAL);3541-25;2025-12-22;;;;
1;259;ASSESSORA ADMINISTRATIVA;ASSESSORA ADMINISTRATIVA;4110-10;2025-12-22;;;;
1;260;AUXILIAR TECNICO;AUXILIAR TECNICO;3172-05;2025-12-22;;;;
1;261;PROGRAMADOR TRAINEE;PROGRAMADOR TRAINEE;3171-10;2025-12-22;;;;
1;266;SUPERVISOR DE COMPRAS;SUPERVISOR DE COMPRAS;3542-10;2025-12-22;;;;
1;267;ENCARREGADO DE SETOR;ENCARREGADO DE SETOR;3511-10;2025-12-22;;;;
1;268;GERENTE DE IMPORTACAO;GERENTE DE IMPORTACAO;1423-05;2025-12-22;;;;
1;256;ENCARREGADO DEP”SITO;ENCARREGADO DEP”SITO;4101-05;2025-12-22;;;;
1;257;ENCARREGADO CONTABILIDADE;ENCARREGADO CONTABILIDADE;4101-05;2025-12-22;;;;
1;258;AUX. CONTABILIDADE III;AUX. CONTABILIDADE III;4131-10;2025-12-22;;;;
1;269;AUXILIAR DE CONTABILIDADE;AUXILIAR DE CONTABILIDADE;4131-10;2025-12-22;;;;
1;270;ANALISTA DE LOGISTICA;ANALISTA DE LOGISTICA;3421-10;2025-12-22;;;;
1;13;DIRETOR ADMINISTRATIVO ADJUNTO;DIRETOR ADMINISTRATIVO ADJUNTO;1231-05;2025-12-22;;;;
1;16;DIRETOR FINANCEIRO ADJUNTO;DIRETOR FINANCEIRO ADJUNTO;1231-15;2025-12-22;;;;
1;264;GERENTE TRAINEE;GERENTE TRAINEE;4101-05;2025-12-22;;;;
1;255;GERENTE DE RECURSOS HUMANOS;GERENTE DE RECURSOS HUMANOS;1422-05;2025-12-22;;;;
1;262;AUXILIAR DE MANUTENCAO;AUXILIAR DE MANUTENCAO;5142-25;2025-12-22;;;;
1;263;ENCARREGADO DE SERVICOS GERAIS;ENCARREGADO DE SERVICOS GERAIS;5142-25;2025-12-22;;;;
1;265;ASSISTENTE DE VENDAS;ASSISTENTE DE VENDAS;3541-25;2025-12-22;;;;
1;6;GERENTE FINANCEIRO;GERENTE FINANCEIRO;1421-05;2025-12-22;;;;
1;8;GERENTE DE VENDAS;GERENTE DE VENDAS;1423-20;2025-12-22;;;;
1;9;ASSISTENTE COMERCIAL I;ASSISTENTE COMERCIAL I;3541-25;2025-12-22;;;;
1;10;ASSISTENTE COMERCIAL;ASSISTENTE COMERCIAL;3541-25;2025-12-22;;;;
1;11;ASSESSORA ADM;ASSESSORA ADM;1421-05;2025-12-22;;;;
1;25;CHEFE DE CONTABILIDADE II;CHEFE DE CONTABILIDADE II;4101-05;2025-12-22;;;;
1;29;INSTRUTOR;INSTRUTOR;2332-15;2025-12-22;;;;
1;35;AUX. CONTABILIDADE I;AUX. CONTABILIDADE I;4131-10;2025-12-22;;;;
1;38;AUX.CONTABILIDADE IV;AUX.CONTABILIDADE IV;4131-10;2025-12-22;;;;
1;39;AUX. CONTABILIDADE V;AUX. CONTABILIDADE V;4131-10;2025-12-22;;;;
1;42;TELEMARKETING;TELEMARKETING;4223-05;2025-12-22;;;;
1;43;TELEMARKETING II;TELEMARKETING II;4223-05;2025-12-22;;;;
1;44;TELEMARKETING III;TELEMARKETING III;4223-05;2025-12-22;;;;
1;48;OPERADOR EMPILHADEIRA I;OPERADOR EMPILHADEIRA I;7822-20;2025-12-22;;;;
1;51;AUX.DISTRIBUICAO TEMPORARIO;AUX.DISTRIBUICAO TEMPORARIO;7832-10;2025-12-22;;;;
1;57;AUXILIAR DE ESCRITORIO I;AUXILIAR DE ESCRITORIO I;4110-05;2025-12-22;;;;
1;59;AUXILIAR DE ESCRITORIO III;AUXILIAR DE ESCRITORIO III;4110-05;2025-12-22;;;;
1;63;AUXILIAR DE DISTRIBUICAO IV;AUXILIAR DE DISTRIBUICAO IV;7832-10;2025-12-22;;;;
1;117;VENDEDOR EXTERNO;VENDEDOR EXTERNO;3541-45;2025-12-22;;;;
1;118;VENDEDOR;VENDEDOR;5211-10;2025-12-22;;;;
1;125;VENDEDOR ELETRO (TECH BOX);VENDEDOR ELETRO (TECH BOX);5211-10;2025-12-22;;;;
1;2;CONSELHO ADMINISTRACAO;CONSELHO ADMINISTRACAO;1210-10;2025-12-22;;;;
1;12;DIRETOR ADJUNTO;DIRETOR ADJUNTO;1231-05;2025-12-22;;;;
1;14;GERENTE;GERENTE;1421-05;2025-12-22;;;;
1;15;COMPRADOR;COMPRADOR;3542-05;2025-12-22;;;;
1;17;COMPRADOR TRAINEE;COMPRADOR TRAINEE;3542-05;2025-12-22;;;;
1;18;COMPRADOR ALMOXARIFADO (ADM);COMPRADOR ALMOXARIFADO (ADM);4110-05;2025-12-22;;;;
1;19;CHEFE DE PROPAGANDA;CHEFE DE PROPAGANDA;4101-05;2025-12-22;;;;
1;22;PREPARADOR DE DADOS;PREPARADOR DE DADOS;3171-15;2025-12-22;;;;
1;23;OPERADOR DE COMPUTADOR;OPERADOR DE COMPUTADOR;3172-05;2025-12-22;;;;
1;26;CHEFE DE SECAO II;CHEFE DE SECAO II;4101-05;2025-12-22;;;;
1;27;CHEFE DE SECAO;CHEFE DE SECAO;4101-05;2025-12-22;;;;
1;28;ASSISTENTE JURIDICO;ASSISTENTE JURIDICO;4110-10;2025-12-22;;;;
1;30;AUXILIAR DE COMPRAS (ADM);AUXILIAR DE COMPRAS (ADM);4110-05;2025-12-22;;;;
1;31;AUDITOR;AUDITOR;2522-05;2025-12-22;;;;
1;32;TECNICO TREINAMENTO;TECNICO TREINAMENTO;2332-15;2025-12-22;;;;
1;33;INSPETOR DE ESTOQUE;INSPETOR DE ESTOQUE;4141-05;2025-12-22;;;;
1;41;ELETRECISTA;ELETRECISTA;7156-15;2025-12-22;;;;
1;45;SECRETARIA;SECRETARIA;2523-05;2025-12-22;;;;
1;46;ENCARREGADO DIGITACAO;ENCARREGADO DIGITACAO;4121-20;2025-12-22;;;;
1;47;CAIXA (ADM);CAIXA (ADM);4211-25;2025-12-22;;;;
1;52;ARQUIVISTA;ARQUIVISTA;2613-05;2025-12-22;;;;
1;54;AUXILIAR DE PESSOAL I;AUXILIAR DE PESSOAL I;4110-30;2025-12-22;;;;
1;55;AUXILIAR DE PESSOAL II;AUXILIAR DE PESSOAL II;4110-30;2025-12-22;;;;
1;56;AUXILIAR DE PESSOAL III;AUXILIAR DE PESSOAL III;4110-30;2025-12-22;;;;
1;60;AUXILIAR DE DISTRIBUICAO;AUXILIAR DE DISTRIBUICAO;7832-10;2025-12-22;;;;
1;61;AUXILIAR DE DISTRIBUICAO II;AUXILIAR DE DISTRIBUICAO II;7832-10;2025-12-22;;;;
1;62;AUXILIAR DE DISTRIBUICAO III;AUXILIAR DE DISTRIBUICAO III;7832-10;2025-12-22;;;;
1;64;DIGITADOR;DIGITADOR;4121-10;2025-12-22;;;;
1;65;TELEFONISTA;TELEFONISTA;4222-05;2025-12-22;;;;
1;66;AUXILIAR ALMOXARIFADO;AUXILIAR ALMOXARIFADO;4141-05;2025-12-22;;;;
1;67;GUARDA DE SEGURANCA;GUARDA DE SEGURANCA;5173-30;2025-12-22;;;;
1;69;AUXILIAR DE SERVICOS GERAIS;AUXILIAR DE SERVICOS GERAIS;5142-25;2025-12-22;;;;
1;70;JARDINEIRO;JARDINEIRO;6220-10;2025-12-22;;;;
1;71;MENOR APRENDIZ;MENOR APRENDIZ;4110-05;2025-12-22;;;;
1;72;MOTORISTA;MOTORISTA;7823-05;2025-12-22;;;;
1;73;DIGITADOR FREE;DIGITADOR FREE;4121-10;2025-12-22;;;;
1;74;APRENDIZ ADM/LOJAS;APRENDIZ ADM/LOJAS;4110-10;2025-12-22;;;;
1;75;APRENDIZ CIE-E;APRENDIZ CIE-E;4110-05;2025-12-22;;;;
1;77;GERENTE DE LOJA A;GERENTE DE LOJA A;1414-15;2025-12-22;;;;
1;78;GERENTE DE LOJA B;GERENTE DE LOJA B;1414-15;2025-12-22;;;;
1;79;GERENTE DE LOJA C;GERENTE DE LOJA C;1414-15;2025-12-22;;;;
1;80;GERENTE DE LOJA D;GERENTE DE LOJA D;1414-15;2025-12-22;;;;
1;86;GERENTE LOJA POR MENOS A;GERENTE LOJA POR MENOS A;1414-15;2025-12-22;;;;
1;87;GERENTE LOJA POR MENOS B;GERENTE LOJA POR MENOS B;1414-15;2025-12-22;;;;
1;88;GERENTE LOJA POR MENOS C;GERENTE LOJA POR MENOS C;1414-15;2025-12-22;;;;
1;89;GERENTE LOJA POR MENOS D;GERENTE LOJA POR MENOS D;1414-15;2025-12-22;;;;
1;90;GERENTE ADJUNTO;GERENTE ADJUNTO;1414-15;2025-12-22;;;;
1;92;SUB-GERENTE LOJA B;SUB-GERENTE LOJA B;1414-15;2025-12-22;;;;
1;93;SUB-GERENTE LOJA C;SUB-GERENTE LOJA C;1414-15;2025-12-22;;;;
1;96;ESTAGIARIO GDA;ESTAGIARIO GDA;3541-25;2025-12-22;;;;
1;97;ANALISTA DE CREDITO;ANALISTA DE CREDITO;4102-25;2025-12-22;;;;
1;98;CHEFE DE VENDAS;CHEFE DE VENDAS;1414-15;2025-12-22;;;;
1;99;CHEFE DE ESCRITORIO;CHEFE DE ESCRITORIO;4101-05;2025-12-22;;;;
1;100;CHEFE DE FISCAL DE LOJA;CHEFE DE FISCAL DE LOJA;1414-15;2025-12-22;;;;
1;101;CHEFE DE CAIXA;CHEFE DE CAIXA;4211-25;2025-12-22;;;;
1;102;CAIXA GERAL ( LOJA );CAIXA GERAL ( LOJA );4211-25;2025-12-22;;;;
1;103;CAIXA (TOT);CAIXA (TOT);4211-25;2025-12-22;;;;
1;104;CAIXA (GRZ);CAIXA (GRZ);4211-25;2025-12-22;;;;
1;106;ENC.DISTR./MANUTENCAO;ENC.DISTR./MANUTENCAO;3423-15;2025-12-22;;;;
1;107;ENCARREGADO DISTRIBUICAO;ENCARREGADO DISTRIBUICAO;3423-15;2025-12-22;;;;
1;108;AUXILIAR DE VENDAS;AUXILIAR DE VENDAS;5211-10;2025-12-22;;;;
1;109;AUXILIAR ESCRITORIO;AUXILIAR ESCRITORIO;4110-05;2025-12-22;;;;
1;111;AUXILIAR ESCRITORIO (SENAC);AUXILIAR ESCRITORIO (SENAC);4110-05;2025-12-22;;;;
1;112;AUXILIAR DISTRIBUICAO (L);AUXILIAR DISTRIBUICAO (L);7832-10;2025-12-22;;;;
1;120;VENDEDOR MODA MASCULINA;VENDEDOR MODA MASCULINA;5211-10;2025-12-22;;;;
1;122;ORIENTADOR DE VENDA (GRZ);ORIENTADOR DE VENDA (GRZ);3541-25;2025-12-22;;;;
1;123;FISCAL DE LOJA;FISCAL DE LOJA;5211-10;2025-12-22;;;;
1;124;VENDEDOR FREE TECHBOX;VENDEDOR FREE TECHBOX;5211-10;2025-12-22;;;;
1;129;ARQUITETO;ARQUITETO;2141-10;2025-12-22;;;;
1;130;CHEFE DE SECAO CONTABILIDADE;CHEFE DE SECAO CONTABILIDADE;4101-05;2025-12-22;;;;
1;131;DIRETOR ADJUNTO (RH);DIRETOR ADJUNTO (RH);1232-05;2025-12-22;;;;
1;132;GERENTE REGIONAL TOTTAL;GERENTE REGIONAL TOTTAL;1421-05;2025-12-22;;;;
1;133;GERENTE REGIONAL GRAZZIOTIN;GERENTE REGIONAL GRAZZIOTIN;1421-05;2025-12-22;;;;
1;134;GERENTE REGIONAL FRANCO GIOR;GERENTE REGIONAL FRANCO GIOR;1421-05;2025-12-22;;;;
1;135;GERENTE REGIONAL POR MENOS;GERENTE REGIONAL POR MENOS;1421-05;2025-12-22;;;;
1;136;GERENTE REGIONAL ARRAZO;GERENTE REGIONAL ARRAZO;1421-05;2025-12-22;;;;
1;137;GERENTE DE SUPORTE;GERENTE DE SUPORTE;1425-30;2025-12-22;;;;
1;138;GERENTE DE PROGRAMACAO;GERENTE DE PROGRAMACAO;1421-05;2025-12-22;;;;
1;139;GERENTE DE INFORMATICA;GERENTE DE INFORMATICA;1421-05;2025-12-22;;;;
1;140;SUPERVISOR DE TI - INOVA«√O E;SUPERVISOR DE TI - INOVA«√O E DESENVOLVIMENTO;4121-20;2025-12-22;;;;
1;141;SUPERVISOR REGIONAL;SUPERVISOR REGIONAL;1421-05;2025-12-22;;;;
1;143;ENGENHEIRO SEG.DO TRABALHO;ENGENHEIRO SEG.DO TRABALHO;2149-15;2025-12-22;;;;
1;145;PROGRAMADOR;PROGRAMADOR;3171-10;2025-12-22;;;;
1;146;PROGRAMADOR II;PROGRAMADOR II;3171-10;2025-12-22;;;;
1;147;PROGRAMADOR III;PROGRAMADOR III;3171-10;2025-12-22;;;;
1;148;GERENTE DE PRODUTOS;GERENTE DE PRODUTOS;1417-05;2025-12-22;;;;
1;150;RECEPCIONISTA;RECEPCIONISTA;4221-05;2025-12-22;;;;
1;151;CHEFE DE DEPOSITO TECH BOX;CHEFE DE DEPOSITO TECH BOX;4101-05;2025-12-22;;;;
1;152;CHEFE DE RECRUTAMENTO E SELECA;CHEFE DE RECRUTAMENTO E SELECA;3513-15;2025-12-22;;;;
1;153;ASSESSOR DE DIRETORIA;ASSESSOR DE DIRETORIA;2523-05;2025-12-22;;;;
1;271;PROGRAMADOR IV;PROGRAMADOR IV;3171-10;2025-12-22;;;;
1;272;AUXILIAR DE PESSOAL;AUXILIAR DE PESSOAL;4110-30;2025-12-22;;;;
1;273;ZELADOR;ZELADOR;5141-20;2025-12-22;;;;
1;274;CONSELHO FISCAL;CONSELHO FISCAL;1210-10;2025-12-22;;;;
1;275;GERENTE DE CONTABILIDADE;GERENTE DE CONTABILIDADE;2522-10;2025-12-22;;;;
1;279;GERENTE OPERACIONAL FLORESTAL;GERENTE OPERACIONAL FLORESTAL;1411-10;2025-12-22;;;;
1;288;ENCARREGADA DE CARGOS E SALARI;ENCARREGADA DE CARGOS E SALARIOS;2524-05;2025-12-22;;;;
1;289;AUXILIAR DE ALMOXARIFADO III;AUXILIAR DE ALMOXARIFADO III;4141-05;2025-12-22;;;;
1;290;CHEFE ADMINISTRATIVO;CHEFE ADMINISTRATIVO;4101-05;2025-12-22;;;;
1;291;AGENTE OPERACIONAL DE QUALIDAD;AGENTE OPERACIONAL DE QUALIDADE;3912-15;2025-12-22;;;;
1;294;GERENTE LOJA POR MENOS E;GERENTE LOJA POR MENOS E;1414-15;2025-12-22;;;;
1;296;AUDITOR SENIOR;AUDITOR SENIOR;2522-05;2025-12-22;;;;
1;297;AUDITOR PLENO;AUDITOR PLENO;2522-05;2025-12-22;;;;
1;298;AUDITOR JUNIOR;AUDITOR JUNIOR;2522-05;2025-12-22;;;;
1;301;GERENTE DE DESIGNER DE MODA;GERENTE DE DESIGNER DE MODA;2624-25;2025-12-22;;;;
1;302;GERENTE GERAL;GERENTE GERAL;1414-15;2025-12-22;;;;
1;303;SUPERVISOR DE VENDAS;SUPERVISOR DE VENDAS;5201-10;2025-12-22;;;;
1;309;CONTROLLER;CONTROLLER;2522-10;2025-12-22;;;;
1;312;SUPERVISORA DE MARKETING;SUPERVISORA DE MARKETING;1423-15;2025-12-22;;;;
1;313;ASSISTENTE CONTABIL;ASSISTENTE CONTABIL;4131-10;2025-12-22;;;;
1;318;GERENTE LOJA FRANCO E;GERENTE LOJA FRANCO E;1414-15;2025-12-22;;;;
1;320;ANALISTA DEPARTAMENTO PESSOAL;ANALISTA DEPARTAMENTO PESSOAL;4131-05;2025-12-22;;;;
1;321;CHEFE DE SE«√O III;CHEFE DE SE«√O III;4101-05;2025-12-22;;;;
1;324;ANALISTA DE REDES;ANALISTA DE REDES;2124-10;2025-12-22;;;;
1;278;GERENTE DE COMUNICACAO E PROJE;GERENTE DE COMUNICACAO E PROJETOS;1423-10;2025-12-22;;;;
1;285;AUXILIAR DE EXPEDICAO;AUXILIAR DE EXPEDICAO;7832-15;2025-12-22;;;;
1;286;AUXILIAR DE EXPEDICAO II;AUXILIAR DE EXPEDICAO II;7832-15;2025-12-22;;;;
1;287;AUXILIAR DE EXPEDICAO III;AUXILIAR DE EXPEDICAO III;7832-15;2025-12-22;;;;
1;300;AUXILIAR DE MARKETING;AUXILIAR DE MARKETING;4110-05;2025-12-22;;;;
1;81;GERENTE DE LOJA E;GERENTE DE LOJA E;1414-15;2025-12-22;;;;
1;311;AUXILIAR CONT¡BIL;AUXILIAR CONT¡BIL;4131-10;2025-12-22;;;;
1;315;ASSISTENTE DE COMPRAS;ASSISTENTE DE COMPRAS;4110-10;2025-12-22;;;;
1;314;ASSISTENTE JURÕDICO;ASSISTENTE JURÕDICO;2410-05;2025-12-22;;;;
1;317;ASSIST. DE MARKETING - OPERACI;ASSISTENTE DE MARKETING - OPERACIONAL REDES;4110-10;2025-12-22;;;;
1;319;CONFERENTE DE ESTOQUE;CONFERENTE DE ESTOQUE;4141-05;2025-12-22;;;;
1;323;CHEFE DE SE«√O FLORESTAL;CHEFE DE SE«√O FLORESTAL;6301-10;2025-12-22;;;;
1;325;GERENTE REGIONAL;GERENTE REGIONAL;1421-05;2025-12-22;;;;
1;326;ASSISTENTE COMERCIAL TRAINEE;ASSISTENTE COMERCIAL TRAINEE;3541-25;2025-12-22;;;;
1;327;ANALISTA FINANCEIRO;ANALISTA FINANCEIRO;2525-45;2025-12-22;;;;
1;328;GERENTE DE LOJA HIBRIDA;GERENTE DE LOJA HIBRIDA;1414-15;2025-12-22;;;;
1;329;AUXILIAR DE VENDAS;AUXILIAR DE VENDAS;3541-25;2025-12-22;;;;
1;330;GERENTE VENDAS IMPORTA«√O;GERENTE VENDAS IMPORTA«√O;1423-05;2025-12-22;;;;
1;331;ANAL. DE RECRUTAMENTO E SELE«√;ANALISTA DE RECRUTAMENTO E SELE«√O;2524-05;2025-12-22;;;;
1;228;CIE-E DE VENDEDOR TB.;CIE-E DE VENDEDOR TB.;5211-10;2025-12-22;;;;
1;128;GERENTE ADMINISTRATIVO;GERENTE ADMINISTRATIVO;1421-05;2025-12-22;;;;
1;50;CONFERENTE;CONFERENTE;4142-15;2025-12-22;;;;
1;58;AUXILIAR DE ESCRITORIO;AUXILIAR DE ESCRITORIO;4110-05;2025-12-22;;;;
1;293;CASEIRO;CASEIRO;6220-05;2025-12-22;;;;
1;316;SUPERVISOR FINANCEIRO;SUPERVISOR FINANCEIRO;4102-25;2025-12-22;;;;
1;284;DESIGNER DE MODA;DESIGNER DE MODA;2624-25;2025-12-22;;;;
1;333;PROGRAMADOR - DESENVOLVEDOR BA;PROGRAMADOR - DESENVOLVEDOR BACKEND;3171-10;2025-12-22;;;;
1;338;AUXILIAR DE DESIGN GRAFICO;AUXILIAR DE DESIGN GRAFICO;2624-10;2025-12-22;;;;
1;335;CHEFE DE SE«√O - INVENT¡RIO;CHEFE DE SE«√O - INVENT¡RIO;4101-05;2025-12-22;;;;
1;336;ASSISTENTE DE E-COMMERCE;ASSISTENTE DE E-COMMERCE;4110-10;2025-12-22;;;;
1;337;AUXILIAR DE E-COMMERCE;AUXILIAR DE E-COMMERCE;4110-05;2025-12-22;;;;
1;339;AUXILIAR DE SISTEMAS;AUXILIAR DE SISTEMAS;2124-05;2025-12-22;;;;
1;341;SUPERVISOR CONTABIL/FISCAL;SUPERVISOR CONTABIL/FISCAL;2522-10;2025-12-22;;;;
1;340;AUXILIAR DE SISTEMAS TRAINEE;AUXILIAR DE SISTEMAS TRAINEE;2124-05;2025-12-22;;;;
1;342;ANALISTA DE REDES TRAINEE;ANALISTA DE REDES TRAINEE;2124-10;2025-12-22;;;;
1;343;LIDER LOGISTICA;LIDER LOGISTICA;4101-05;2025-12-22;;;;
1;344;SUPERVISORA DE E-COMMERCE;SUPERVISORA DE E-COMMERCE;1423-15;2025-12-22;;;;
1;345;GERENTE DE E-COMMERCE;GERENTE DE E-COMMERCE;1423-15;2025-12-22;;;;
1;346;ASSIST. DE MARKETING - INSTITU;ASSISTENTE DE MARKETING - INSTITUCIONAL;4110-10;2025-12-22;;;;
1;347;ASSIST. DE MARKETING - REDES;ASSISTENTE DE MARKETING - REDES;4110-10;2025-12-22;;;;
1;348;GERENTE DE NEGOCIOS;GERENTE DE NEGOCIOS;1421-15;2025-12-22;;;;
1;349;OPERADOR DE NEG”CIOS - FINANCE;OPERADOR DE NEG”CIOS - FINANCEIRA;2532-25;2025-12-22;;;;
1;20;ANALISTA DE SISTEMAS TRAINEE;ANALISTA DE SISTEMAS TRAINEE;2124-05;2025-12-22;;;;
1;350;AUX. DE INSPE«√O DE QUALIDADE;AUXILIAR DE INSPE«√O DE QUALIDADE;3912-15;2025-12-22;;;;
1;351;ANAL. DE DESENVOLVIMENTO HUMAN;ANALISTA DE DESENVOLVIMENTO HUMANO;2524-05;2025-12-22;;;;
1;352;AUX. DE ESCRITORIO TEMPORARIO;AUXILIAR DE ESCRITORIO TEMPORARIO;4110-05;2025-12-22;;;;
1;353;ASSIST. DE COBRANCA - CENTRAL;ASSISTENTE DE COBRANCA - CENTRAL DE COBRANCA;4213-10;2025-12-22;;;;
1;354;ANALISTA DE COBRAN«A;ANALISTA DE COBRAN«A;4213-10;2025-12-22;;;;
1;355;GERENTE DE PRODU«√O;GERENTE DE PRODU«√O;1412-05;2025-12-22;;;;
1;356;SUPERVISOR DE PRODU«√O;SUPERVISOR DE PRODU«√O;1412-05;2025-12-22;;;;
1;359;ANALISTA DE SUPORTE TI;ANALISTA DE SUPORTE TI;2124-20;2025-12-22;;;;
1;357;ASSIST. DE CREDITO E COBRANCA;ASSISTENTE DE CREDITO E COBRANCA;4213-10;2025-12-22;;;;
1;358;ANALISTA DE COBRAN«A;ANALISTA DE COBRAN«A;4213-10;2025-12-22;;;;
1;360;ASSISTENTE DE CREDITO;ASSISTENTE DE CREDITO;4213-10;2025-12-22;;;;
1;361;ANALISTA DE RECURSOS HUMANOS;ANALISTA DE RECURSOS HUMANOS;2524-05;2025-12-22;;;;
1;362;SERVENTE ( FLORESTA );SERVENTE ( FLORESTA );5143-20;2025-12-22;;;;
1;363;ANALISTA DE MIDIAS SOCIAIS;ANALISTA DE MIDIAS SOCIAIS;2534-05;2025-12-22;;;;
1;364;AUXILIAR DE COBRAN«A - CENTRAL;AUXILIAR DE COBRAN«A - CENTRAL;4213-10;2025-12-22;;;;
1;365;AUXILIAR DE ATENDIMENTO;AUXILIAR DE ATENDIMENTO;4213-10;2025-12-22;;;;
1;366;ASSIST. FIN. - CONTAS A RECEBE;ASSISTENTE FINANCEIRO - CONTAS A RECEBER;4131-10;2025-12-22;;;;
1;292;SUPERVISOR OPERACIONAL - OBRAS;SUPERVISOR OPERACIONAL - OBRAS;1421-05;2025-12-22;;;;
1;367;AUXILIAR DE INVENTARIO;AUXILIAR DE INVENTARIO;4141-40;2025-12-22;;;;
1;368;AUXILIAR DE COBRAN«A;AUXILIAR DE COBRAN«A;4213-10;2025-12-22;;;;
1;369;AUXILIAR DE CR…DITO;AUXILIAR DE CR…DITO;4213-10;2025-12-22;;;;
1;370;AUXILIAR DE CR…DITO E COBRAN«A;AUXILIAR DE CR…DITO E COBRAN«A;4213-10;2025-12-22;;;;
1;371;SUPERVISOR TI - INFRA, SEG., S;SUPERVISOR TI - INFRA, SEG., SIST. TERC., SUPORTE;4121-20;2025-12-22;;;;
1;372;CHEFE ADMINISTRATIVO CS;CHEFE ADMINISTRATIVO CS;4101-05;2025-12-22;;;;
1;373;GERENTE FIN. - CONTAS A PAGAR;GERENTE FINANCEIRO - CONTAS A PAGAR;1421-05;2025-12-22;;;;
1;374;GERENTE FIN. - CONTAS A RECEBE;GERENTE FINANCEIRO - CONTAS A RECEBER;1421-05;2025-12-22;;;;
1;375;ANALISTA DE REQUISITOS J⁄NIOR;ANALISTA DE REQUISITOS J⁄NIOR;2124-05;2025-12-22;;;;
1;377;ANALISTA DE REQUISITOS S NIOR;ANALISTA DE REQUISITOS S NIOR;2124-05;2025-12-22;;;;
1;378;ASSIST. DE SERVICE DESK J⁄NIOR;ASSISTENTE DE SERVICE DESK J⁄NIOR;3172-10;2025-12-22;;;;
1;379;ASSIST. DE SERVICE DESK PLENO;ASSISTENTE DE SERVICE DESK PLENO;3172-10;2025-12-22;;;;
1;380;ASSIST. DE SERVICE DESK S NIOR;ASSISTENTE DE SERVICE DESK S NIOR;3172-10;2025-12-22;;;;
1;381;COMPRADOR EXPANS√O;COMPRADOR EXPANS√O;3542-05;2025-12-22;;;;
1;382;DESENVOLVEDOR FULL STACK J⁄NIO;DESENVOLVEDOR FULL STACK J⁄NIOR;3171-10;2025-12-22;;;;
1;383;ANALISTA CONTABIL E FISCAL;ANALISTA CONTABIL E FISCAL;2522-10;2025-12-22;;;;
1;384;LÕDER TECH PLENO;LÕDER TECH PLENO;2124-05;2025-12-22;;;;
1;385;LÕDER TECH S NIOR;LÕDER TECH S NIOR;2124-05;2025-12-22;;;;
1;386;ANAL. DE INFRAESTRUTURA J⁄NIOR;ANALISTA DE INFRAESTRUTURA J⁄NIOR;2124-05;2025-12-22;;;;
1;387;ASSIST. FIN. CONTAS A PAGAR;ASSISTENTE FINANCEIRO CONTAS A PAGAR;4131-10;2025-12-22;;;;
1;388;DESENVOLVEDOR FULL STACK PLENO;DESENVOLVEDOR FULL STACK PLENO;3171-10;2025-12-22;;;;
1;389;DESENVOLVEDOR FULL STACK S NIO;DESENVOLVEDOR FULL STACK S NIOR;3171-10;2025-12-22;;;;
1;390;SUPERVISOR ADMINISTRATIVO;SUPERVISOR ADMINISTRATIVO;4101-05;2025-12-22;;;;
1;391;SUPERVISOR ADMINISTRATIVO;SUPERVISOR ADMINISTRATIVO;4101-05;2025-12-22;;;;
1;392;AGENTE ADMINISTRATIVO;AGENTE ADMINISTRATIVO;4110-10;2025-12-22;;;;
1;393;AUXILIAR DE HELP DESK J⁄NIOR;AUXILIAR DE HELP DESK J⁄NIOR;3172-10;2025-12-22;;;;
1;394;AUXILIAR DE HELP DESK PLENO;AUXILIAR DE HELP DESK PLENO;3172-10;2025-12-22;;;;
1;395;AUXILIAR DE HELP DESK S NIOR;AUXILIAR DE HELP DESK S NIOR;3172-10;2025-12-22;;;;
1;396;ASSIST. DE INFRAESTRURA J⁄NIOR;ASSISTENTE DE INFRAESTRURA J⁄NIOR;2123-20;2025-12-22;;;;
1;397;ASSIST. DE INFRAESTRUTURA PLEN;ASSISTENTE DE INFRAESTRUTURA PLENO;2123-20;2025-12-22;;;;
1;404;ANAL. DE INFRAESTRUTURA JUNIOR;ANALISTA DE INFRAESTRUTURA JUNIOR;2124-10;2025-12-22;;;;
1;405;ANAL. DE INFRAESTRUTURA PLENO;ANALISTA DE INFRAESTRUTURA PLENO;2124-10;2025-12-22;;;;
1;406;ANAL. DE INFRAESTRUTURA S NIOR;ANALISTA DE INFRAESTRUTURA S NIOR;2124-10;2025-12-22;;;;
1;409;APRENDIZ;APRENDIZ;5211-25;2025-12-22;;;;
1;412;ASSIST. DE MARKETING - FINANCE;ASSISTENTE DE MARKETING - FINANCEIRA;4110-10;2025-12-22;;;;
1;410;SUPERVISOR DE TECNOLOGIA DA IN;SUPERVISOR DE TECNOLOGIA DA INFORMA«√O;2124-05;2025-12-22;;;;
1;418;ANALISTA DE DADOS JUNIOR;ANALISTA DE DADOS JUNIOR;2124-20;2025-12-22;;;;
1;419;ANALISTA DE DADOS PLENO;ANALISTA DE DADOS PLENO;2124-20;2025-12-22;;;;
1;420;ANALISTA DE DADOS SENIOR;ANALISTA DE DADOS SENIOR;2124-20;2025-12-22;;;;
1;423;OPERADOR DE MAQUINAS;OPERADOR DE MAQUINAS;7821-15;2025-12-22;;;;
1;1;DIRETOR;DIRETOR;1233-05;2025-12-22;;;;
1;411;CARGO GEN…RICO - PARA TESTES;CARGO GEN…RICO - PARA TESTES;3951-05;2025-12-22;;;;
1;416;ASSISTENTE JURIDICO;ASSISTENTE JURIDICO;2410-05;2025-12-22;;;;
1;417;AUXILIAR JURIDICO;AUXILIAR JURIDICO;3514-30;2025-12-22;;;;
1;422;GERENTE DE DADOS;GERENTE DE DADOS;2123-05;2025-12-22;;;;
1;376;ANALISTA DE REQUISITOS PLENO;ANALISTA DE REQUISITOS PLENO;2124-05;2025-12-22;;;;
1;437;GERENTE DE TI E PROCESSOS;GERENTE DE TI E PROCESSOS;1425-30;2025-12-22;;;;
1;400;ANALISTA ESTATÕSTICO;ANALISTA ESTATÕSTICO;2112-05;2025-12-22;;;;
1;426;ASSISTENTE FISCAL;ASSISTENTE FISCAL;2522-10;2025-12-22;;;;
1;7;GERENTE COMERCIAL;GERENTE COMERCIAL;1423-05;2025-12-22;;;;
1;427;ANAL. DE COMUNICA«√O INTERNA;ANALISTA DE COMUNICA«√O INTERNA;1423-35;2025-12-22;;;;
1;428;ASSIST. DE COMUNICA«√O INTERNA;ASSISTENTE DE COMUNICA«√O INTERNA;1423-35;2025-12-22;;;;
1;401;AUXILIAR DE IMPORTA«√O;AUXILIAR DE IMPORTA«√O;4110-45;2025-12-22;;;;
1;184;GERENTE LOJA FRANCO A;GERENTE LOJA FRANCO A;1414-15;2025-12-22;;;;
1;424;ANALISTA FISCAL;ANALISTA FISCAL;2522-10;2025-12-22;;;;
1;438;AUX. DE SERVI«OS GERAIS MUNDIA;AUXILIAR DE SERVI«OS GERAIS MUNDIART;5143-25;2025-12-22;;;;
1;439;AUX. DE VENDAS TRAINEE MUNDIAR;AUXILIAR DE VENDAS TRAINEE MUNDIART;3541-25;2025-12-22;;;;
1;440;ASSIST. DE VENDAS TRAINEE MUND;ASSISTENTE DE VENDAS TRAINEE MUNDIART;3541-25;2025-12-22;;;;
1;432;ANALISTA DE DADOS TRAINEE;ANALISTA DE DADOS TRAINEE;2124-20;2025-12-22;;;;
1;435;GERENTE DE DADOS MODELAGEM PER;GERENTE DE DADOS MODELAGEM PERFORMANCE DE NEGOCIO;1423-30;2025-12-22;;;;
1;173;OPERADOR EMPILHADEIRA;OPERADOR EMPILHADEIRA;7822-20;2025-12-22;;;;
1;403;GERENTE DE RELA«OES INSTITUCIO;GERENTE DE RELA«OES INSTITUCIONAIS;1423-10;2025-12-22;;;;
1;421;ANAL. DE SISTEMAS E PROCESSOS;ANALISTA DE SISTEMAS E PROCESSOS LOGISTICOS;2527-15;2025-12-22;;;;
1;415;ANALISTA DE VENDAS;ANALISTA DE VENDAS;1423-30;2025-12-22;;;;
1;433;CHEFE DE SE«√O CONTROLE DE QUA;CHEFE DE SE«√O CONTROLE DE QUALIDADE;4101-05;2025-12-22;;;;
1;434;ANAL. DE PERFORMANCE DE ESTOQU;ANALISTA DE PERFORMANCE DE ESTOQUE - ONEBEAT;2527-25;2025-12-22;;;;
1;436;GERENTE CONTABIL E DE OPERA«’E;GERENTE CONTABIL E DE OPERA«’ES;1421-15;2025-12-22;;;;
1;398;ASSIST. DE INFRAESTRUTURA S NI;ASSISTENTE DE INFRAESTRUTURA S NIOR;2123-20;2025-12-22;;;;
1;407;GERENTE COMERCIAL FAC«√O;GERENTE COMERCIAL FAC«√O;1423-05;2025-12-22;;;;
1;408;GERENTE COMERCIAL IMPORTA«√O;GERENTE COMERCIAL IMPORTA«√O;1423-05;2025-12-22;;;;
1;413;GERENTE JURIDICA;GERENTE JURIDICA;2410-40;2025-12-22;;;;
1;414;GERENTE JURÕDICA;GERENTE JURÕDICA;2410-40;2025-12-22;;;;
1;399;GERENTE DE LOGISTICA;GERENTE DE LOGISTICA;1416-15;2025-12-22;;;;
1;402;GERENTE CONT¡BIL;GERENTE CONT¡BIL;2522-10;2025-12-22;;;;
1;425;ASSISTENTE FISCAL;ASSISTENTE FISCAL;2522-10;2025-12-22;;;;
1;429;ANAL. FIN. CONTAS A PAGAR;ANALISTA FINANCEIRO CONTAS A PAGAR;2525-45;2025-12-22;;;;
1;430;CHEFE DE SE«√O - CONTROLE DE Q;CHEFE DE SE«√O - CONTROLE DE QUALIDADE;3912-05;2025-12-22;;;;
1;431;GERENTE DE COBRAN«A;GERENTE DE COBRAN«A;4201-10;2025-12-22;;;;
