codigo_empresa;codigo_filial;razao_social;nome_filial;endereco_filial;complemento_endereco;numero_endereco;codigo_bairro;estado;codigo_cidade;codigo_ddi_telefone;codigo_ddd_telefone;numero_telefone;tipo_filial;tipo_inscricao;numero_inscricao;codigo_cei;inscricao_estadual;inscricao_municipal;cnae_fiscal;codigo_nac_atv_economica;inscricao_cno;inscricao_caepf;cnae_fiscal_preponderante;tipo_caepf;tipo_logradouro;codigo_cep_filial;nome_empresarial_completo
002;001;;PASSO FUNDO;VALENTIN GRAZZIOTIN;;77;SĂO CRISTÓVĂO;RS;1;;;;F;1;87607263000141;;;;64.62-0/00;6462;;;64.62-0/00;;R;99060030
004;001;;PASSO FUNDO;PRESIDENTE VARGAS;;3232;SĂO CRISTÓVĂO;RS;1;;;;F;1;87793089000179;;;;46.42-7/01;4642;;;46.42-7/01;;AV;99064000
006;001;;PASSO FUNDO;VALENTIN GRAZZIOTIN;;77;SĂO CRISTÓVĂO;RS;1;;;;F;1;92007459000135;;;;01.15-6/00;5249;;;01.15-6/00;;R;99060030
276;001;;PASSO FUNDO;VALENTIN GRAZZIOTIN;;77;SĂO CRISTÓVĂO;RS;1;;;;F;1;06018086000166;;;;68.10-2/02;7020;;;68.10-2/02;;R;99060030
282;001;;PASSO FUNDO;VALENTIN GRAZZIOTIN;;77;SĂO CRISTÓVĂO;RS;1;;;;F;1;06339468000191;;;;64.36-1/00;6436;;;64.36-1/00;;R;99060030
280;001;;PASSO FUNDO;PRESIDENTE VARGAS;;3232;SĂO CRISTÓVĂO;RS;1;;;;F;1;05342961000106;;;;64.62-0/00;6462;;;64.62-0/00;;AV;99064000
008;001;;PASSO FUNDO;VALENTIN GRAZZIOTIN;Matriz;77;SĂO CRISTÓVĂO;RS;1;;;;F;1;92012467000170;;;;47.81-4/00;5232;;;47.81-4/00;;R;99060030
276;002;;GRZ PORTO ALEGRE;RUA VOLUNTARIOS DA PATRIA;;294;CENTRO;RS;27;;;;F;1;06018086000247;;;;68.10-2/02;7020;;;68.10-2/02;;R;90030001
128;002;;GRZ PIRATINI;CERRO ALEGRE;;01;QUARTO;RS;221;;;;F;1;24644903000254;;;;02.10-1/03;210;;;02.10-1/03;;EST;96490000
008;002;;GRZ CACHOEIRINHA;FLORES DA CUNHA;;984;CENTRO;RS;87;;;;F;1;92012467000250;;;;47.81-4/00;5232;;;47.81-4/00;;AV;94910001
004;002;;GRZ ITAJAI;RUA SAMUEL HEUSI;SALA 411;463;CENTRO;SC;32;;;;F;1;87793089000250;;;;46.42-7/01;4642;;;46.42-7/01;;R;88301320
008;003;;FRG SAO GABRIEL;RUA DUQUE DE CAXIAS;;442;CENTRO;RS;22;;;;F;1;92012467000331;;;;47.81-4/00;5232;;;47.81-4/00;;R;97300000
008;004;;GRZ ERECHIM;MAURICIO CARDOSO;;105;CENTRO;RS;63;;;;F;1;92012467000412;;;;47.81-4/00;5232;;;47.81-4/00;;AV;99700426
008;005;;GRZ CARAZINHO;FLORES DA CUNHA;;2299;CENTRO;RS;31;;;;F;1;92012467000501;;;;47.81-4/00;5232;;;47.81-4/00;;AV;99500000
008;006;;IJUI;ERNESTO ALVES;SALA 01;138;CENTRO;RS;10;;;;F;1;92012467000684;;;;47.81-4/00;5232;;;47.81-4/00;;R;98700000
008;007;;GRZ CRUZ ALTA;VENANCIO AIRES;;1301;CENTRO;RS;40;;;;F;1;92012467000765;;;;47.81-4/00;5232;;;47.81-4/00;;R;98005096
008;008;;TOT PALMEIRA DAS MISSOES;INDEPENDENCIA;SALA 02;1040;CENTRO;RS;6;;;;F;1;92012467000846;;;;47.59-8/99;4781;;;47.59-8/99;;AV;98300000
008;009;;GRZ IJUI;ERNESTO ALVES;;173;CENTRO;RS;10;;;;F;1;92012467000927;;;;47.81-4/00;5232;;;47.81-4/00;;R;98700000
008;010;;SANTO ANGELO;MARECHAL FLORIANO;;1494;CENTRO;RS;3;;;;F;1;92012467001060;;;;47.81-4/00;5232;;;47.81-4/00;;R;98804340
008;011;;PRM TUPANCIRETA;RUA VAZ FERREIRA;;776;CENTRO;RS;338;;;;F;1;92012467001141;;;;47.81-4/00;5232;;;47.81-4/00;;R;98170000
008;012;;SANTA MARIA;AVENIDA FERNANDO FERRARI;;1483;CENTRO;RS;2;;;;F;1;92012467001222;;;;47.81-4/00;5232;;;47.81-4/00;;R;97050801
008;013;;PASSO FUNDO;VALENTIN GRAZZIOTIN;;177;SĂO CRISTÓVĂO;RS;1;;;;F;1;92012467001303;;;;47.81-4/00;5232;;;47.81-4/00;;R;99060030
008;014;;GRZ SANTA ROSA;RIO BRANCO;;420;CENTRO;RS;59;;;;F;1;92012467001494;;;;47.81-4/00;5232;;;47.81-4/00;;AV;98780100
008;015;;GRZ SANTO ANGELO;MARECHAL FLORIANO N;;1387;CENTRO;RS;3;;;;F;1;92012467001575;;;;47.81-4/00;5232;;;47.81-4/00;;R;98801650
008;016;;PRM ARROIO GRANDE;VISCONDE DE MAUA;;180;CENTRO;RS;402;;;;F;1;92012467001656;;;;47.81-4/00;5232;;;47.81-4/00;;R;96330000
008;018;;TOT ERECHIM;RUA BAHIA;;58;CENTRO;RS;63;;;;F;1;92012467001818;;;;47.81-4/00;5232;;;47.81-4/00;;R;99700000
008;019;;GRZ CACHOEIRA DO SUL;JULIO DE CASTILHOS;;527;CENTRO;RS;39;;;;F;1;92012467001907;;;;47.81-4/00;5232;;;47.81-4/00;;R;96501001
008;020;;PRM FREDERICO WESTPHALEN;PIRACICABA;;;CENTRO;RS;48;;;;F;1;92012467002032;;;;47.81-4/00;5232;;;47.81-4/00;;R;98400000
008;021;;SAO GABRIEL;CORONEL SEZEFREDO;;801;CENTRO;RS;22;;;;F;1;92012467002113;;;;47.81-4/00;5232;;;47.81-4/00;;R;97300000
008;022;;GRZ CANOAS;QUINZE DE JANEIRO;loja 111;481;CENTRO;RS;62;;;;F;1;92012467002202;;;;47.81-4/00;5232;;;47.81-4/00;;R;92010300
008;023;;PRM SAO FRANCISCO DE ASSIS;SILVA JARDIM;;1499;CENTRO;RS;895;;;;F;1;92012467002385;;;;47.81-4/00;5232;;;47.81-4/00;;R;97610000
008;024;;PRM TRES PASSOS;BENTO GONCALVES;;411;CENTRO;RS;72;;;;F;1;92012467002466;;;;47.81-4/00;5232;;;47.81-4/00;;R;98600000
008;025;;GRZ SANTA MARIA;DO ACAMPAMENTO;;224;CENTRO;RS;2;;;;F;1;92012467002547;;;;47.81-4/00;5232;;;47.81-4/00;;R;97050000
008;027;;PASSO FUNDO;RUA BENTO GONCALVES;;708;CENTRO;RS;1;;;;F;1;92012467002709;;;;47.81-4/00;5232;;;47.81-4/00;;R;99010012
008;028;;PRM NOVA PRATA;BORGES DE MEDEIROS;;1100;CENTRO;RS;463;;;;F;1;92012467002890;;;;47.81-4/00;5232;;;47.81-4/00;;AV;95320000
008;029;;CHAPECO;RUA JOAO MARTINS;-D;681;INDUSTRIAL;SC;47;;;;F;1;92012467002970;;;;47.81-4/00;5232;;;47.81-4/00;;R;89803040
008;032;;PRM GUAPORE;JULIO CAMPOS;;01;CENTRO;RS;490;;;;F;1;92012467003276;;;;47.81-4/00;5232;;;47.81-4/00;;R;99200000
008;033;;TOT SANTO ANGELO;MARECHAL FLORIANO;SALA 01;1387;CENTRO;RS;3;;;;F;1;92012467003357;;;;47.59-8/99;5232;;;47.59-8/99;;R;98801650
008;034;;GRZ BAGE;SETE DE SETEMBRO;;879;CENTRO;RS;45;;;;F;1;92012467003438;;;;47.81-4/00;5232;;;47.81-4/00;;AV;96400006
008;037;;GRZ SAO BORJA;GENERAL MARQUES;SALA 101;969;CENTRO;RS;44;;;;F;1;92012467003780;;;;47.81-4/00;5232;;;47.81-4/00;;R;97670000
008;038;;TOT BAGE;BENTO GONCALVES;D;361;CENTRO;RS;45;;;;F;1;92012467003861;;;;47.59-8/99;5232;;;47.59-8/99;;R;96400201
008;039;;TOT SANTA MARIA;NOSSA SENHORA DAS DORES;;847;CENTRO;RS;2;;;;F;1;92012467003942;;;;47.81-4/00;5232;;;47.81-4/00;;AV;97050530
008;040;;PRM PELOTAS;07 DE SETEMBRO;;263;CENTRO;RS;61;;;;F;1;92012467004086;;;;47.81-4/00;5232;;;47.81-4/00;;R;96015300
008;041;;GRZ ESTEIO;PRESIDENTE VARGAS;sala 102;1698;CENTRO;RS;86;;;;F;1;92012467004167;;;;47.81-4/00;5232;;;47.81-4/00;;AV;93260048
008;042;;PRM SANTANA DO LIVRAMENTO;VASCO ALVES;;923;CENTRO;RS;53;;;;F;1;92012467004248;;;;47.81-4/00;5232;;;47.81-4/00;;R;97573550
008;043;;PRM SANTO AUGUSTO;DO COMERCIO;;846;CENTRO;RS;106;;;;F;1;92012467004329;;;;47.81-4/00;5232;;;47.81-4/00;;AV;98590000
008;044;;GRZ PASSO FUNDO;PRESIDENTE VARGAS;;20;CENTRO;RS;1;;;;F;1;92012467004400;;;;47.81-4/00;5232;;;47.81-4/00;;AV;99070000
008;045;;TAQUARA;RUA RIO BRANCO;;1213;CENTRO;RS;438;;;;F;1;92012467004590;;;;47.81-4/00;5232;;;47.81-4/00;;R;95600000
008;046;;GRZ RIO GRANDE;GENERAL BACELAR;;265;CENTRO;RS;76;;;;F;1;92012467004671;;;;47.81-4/00;5232;;;47.81-4/00;;R;96200370
008;047;;GRZ LAGES;CORREA PINTO;;180;CENTRO;SC;33;;;;F;1;92012467004752;;;;47.81-4/00;5232;;;47.81-4/00;;R;88502200
008;048;;IJUI;RUA;DE MAIO, 439;13;CENTRO;RS;10;;;;F;1;92012467004833;;;;47.81-4/00;5232;;;47.81-4/00;;R;98700000
008;049;;CAMPO MOURAO;AV MANOEL MENDES DE CAMARGO;;1555;CENTRO;PR;974;;;;F;1;92012467004914;;;;47.81-4/00;5232;;;47.81-4/00;;R;87303000
008;050;;TOT SANTA ROSA;JULIO RAUBER;;127;CENTRO;RS;59;;;;F;1;92012467005058;;;;47.59-8/99;5232;;;47.59-8/99;;R;98780331
008;051;;PRM GIRUA;FRANCISCO LEOPOLDO UHRY;;230;CENTRO;RS;437;;;;F;1;92012467005139;;;;47.81-4/00;5232;;;47.81-4/00;;R;98870000
008;052;;GRZ PATO BRANCO;TUPI;;2605;CENTRO;PR;73;;;;F;1;92012467005210;;;;47.81-4/00;5232;;;47.81-4/00;;AV;85501268
008;053;;PRM PASSO FUNDO;PRESIDENTE VARGAS;;1959;SĂO CRISTÓVĂO;RS;1;;;;F;1;92012467005309;;;;47.81-4/00;5232;;;47.81-4/00;;AV;99070000
008;054;;PRM IBIRUBA;AVENIDA SETE DE SETEMBRO;;1223;CENTRO;RS;478;;;;F;1;92012467005481;;;;47.81-4/00;5232;;;47.81-4/00;;R;98200000
008;055;;TOT CRUZ ALTA;GENERAL CAMARA;;1100;CENTRO;RS;40;;;;F;1;92012467005562;;;;47.59-8/99;5232;;;47.59-8/99;;AV;98005112
008;056;;LAJEADO;AV.SENADOR ALBERTO PASQUALINI;;1230;CENTRO;RS;125;;;;F;1;92012467005643;;;;47.81-4/00;5232;;;47.81-4/00;;R;95900000
008;057;;TOT CARAZINHO;POLIDORO ALBUQUERQUE;;55;CENTRO;RS;31;;;;F;1;92012467005724;;;;47.59-8/99;5232;;;47.59-8/99;;R;99500000
008;058;;TOT LAGES;MARECHAL FLORIANO;;373;CENTRO;SC;33;;;;F;1;92012467005805;;;;47.59-8/99;5232;;;47.59-8/99;;AV;88501103
008;059;;TOT CACHOEIRA DO SUL;JULIO DE CASTILHOS;SALA 01;520;CENTRO;RS;39;;;;F;1;92012467005996;;;;47.59-8/99;5232;;;47.59-8/99;;AV;96501000
008;061;;GRZ BENTO GONCALVES;MARECHAL DEODORO;;127;CENTRO;RS;38;;;;F;1;92012467006100;;;;47.81-4/00;5232;;;47.81-4/00;;R;95700160
008;063;;GRZ SAO JOSE;RUA GERONCIO THIVES;SALA 01 201;1079;CENTRO;SC;58;;;;F;1;92012467006372;;;;47.81-4/00;5232;;;47.81-4/00;;R;88117200
008;064;;PRM CANGUCU;OSVALDO ARANHA;;172;CENTRO;RS;388;;;;F;1;92012467006453;;;;47.81-4/00;5232;;;47.81-4/00;;R;96600000
008;065;;PRM PAROBE;CORONEL JOAO CORREA;;127;CENTRO;RS;790;;;;F;1;92012467006534;;;;47.81-4/00;5232;;;47.81-4/00;;R;95630000
008;066;;TOT CONCORDIA;ORESTES FARINA;;205;CENTRO;SC;46;;;;F;1;92012467006615;;;;47.59-8/99;5232;;;47.59-8/99;;R;89700071
008;067;;CACHOEIRINHA;AV.GENERAL FLORES DA CUNHA;;266;CENTRO;RS;87;;;;F;1;92012467006704;;;;47.81-4/00;5232;;;47.81-4/00;;R;94910000
008;068;;TOT FREDERICO WESTPHALEN;LUIZ MILANI;SL COMER 02;650;CENTRO;RS;48;;;;F;1;92012467006887;;;;47.59-8/99;5232;;;47.59-8/99;;AV;98400000
008;069;;PATO BRANCO;AV.BRASIL;;45;CENTRO;PR;73;;;;F;1;92012467006968;;;;47.81-4/00;5232;;;47.81-4/00;;R;85501000
008;070;;CURITIBA;RUA JOSE LOUREIRO;;603;CENTRO;PR;116;;;;F;1;92012467007000;;;;47.81-4/00;5232;;;47.81-4/00;;R;90010010
008;071;;GRZ PORTO ALEGRE;RUA VOLUNTARIOS DA PATRIA;E 310;294;CENTRO;RS;27;;;;F;1;92012467007182;;;;47.81-4/00;5232;;;47.81-4/00;;R;90030001
008;072;;NOVO HAMBURGO;AV PEDRO ADAMS FILHO;;5495;CENTRO;RS;69;;;;F;1;92012467007263;;;;47.81-4/00;5232;;;47.81-4/00;;R;93310560
008;073;;PRM TRES COROAS;MUNDO NOVO;;184;CENTRO;RS;1031;;;;F;1;92012467007344;;;;47.81-4/00;5232;;;47.81-4/00;;AV;95660000
008;074;;PRM FRAIBURGO;PADRE BIAGGIO SIMONETTI;;142;CENTRO;SC;685;;;;F;1;92012467007425;;;;47.81-4/00;5232;;;47.81-4/00;;R;89580000
008;075;;PRM DOIS VIZINHOS;PRUDENTE DE MORAIS;;528;CENTRO NORTE;PR;927;;;;F;1;92012467007506;;;;47.81-4/00;5232;;;47.81-4/00;;R;85660000
008;076;;SAO MIGUEL DO OESTE;RUA SANTOS DUMOND;ESQ.ALM.BAR;733;CENTRO;SC;145;;;;F;1;92012467007697;;;;47.81-4/00;5232;;;47.81-4/00;;R;89900000
008;079;;TOT FRANCISCO BELTRAO;PONTA GROSSA;;1965;CENTRO;PR;107;;;;F;1;92012467007930;;;;47.59-8/99;5232;;;47.59-8/99;;R;85601600
008;080;;PRM QUARAI;SETE DE SETEMBRO;;930;CENTRO;RS;346;;;;F;1;92012467008073;;;;47.81-4/00;5232;;;47.81-4/00;;AV;97560000
008;081;;ESTEIO;AV.PRESIDENTE VARGAS;;760;CENTRO;RS;86;;;;F;1;92012467008154;;;;47.81-4/00;5232;;;47.81-4/00;;R;93260004
008;082;;PRM TRIUNFO;LUIZ BARRETO;SALA 02;471;CENTRO;RS;662;;;;F;1;92012467008235;;;;47.81-4/00;5232;;;47.81-4/00;;R;95840000
008;083;;TOT SANTA MARIA;NOSSA SRA DE MEDIANEIRA;;1055;CENTRO;RS;2;;;;F;1;92012467008316;;;;47.59-8/99;5232;;;47.59-8/99;;AV;97060003
008;084;;TOT BENTO GONCALVES;BARAO DO RIO BRANCO;SALA 2;402;CENTRO;RS;38;;;;F;1;92012467008405;;;;47.59-8/99;5232;;;47.59-8/99;;R;95700168
008;085;;TRES DE MAIO;RUA PADRE CACIQUE;;1101;CENTRO;RS;90;;;;F;1;92012467008588;;;;47.81-4/00;5232;;;47.81-4/00;;R;98910000
008;086;;TOT PELOTAS;PRACA 20 DE SETEMBRO;;482;CENTRO;RS;61;;;;F;1;92012467008669;;;;47.81-4/00;5232;;;47.81-4/00;;PC;96015360
008;087;;TOT ALEGRETE;RUA BARAO DO AMAZONAS;;462;CENTRO;RS;57;;;;F;1;92012467008740;;;;47.59-8/99;5232;;;47.59-8/99;;R;97542100
008;088;;TOT XANXERE;CORONEL PASSOS MAIA;SALA 01;530;CENTRO;SC;65;;;;F;1;92012467008820;;;;47.59-8/99;5232;;;47.59-8/99;;R;89820000
008;089;;TOT SANTANA DO LIVRAMENTO;HUGOLINO ANDRADE;;279;CENTRO;RS;53;;;;F;1;92012467008901;;;;47.59-8/99;5232;;;47.59-8/99;;R;97573577
008;092;;TOT VACARIA;JULIO DE CASTILHOS;;1176;CENTRO;RS;54;;;;F;1;92012467009207;;;;47.59-8/99;5232;;;47.59-8/99;;AV;95200040
008;093;;GRZ SAO LEOPOLDO;INDEPENDENCIA;;905;CENTRO;RS;52;;;;F;1;92012467009398;;;;47.81-4/00;5232;;;47.81-4/00;;AV;93010003
008;094;;TOT SAO BORJA;EDDIE FREIRE NUNES;;1999;CENTRO;RS;44;;;;F;1;92012467009479;;;;47.59-8/99;5232;;;47.59-8/99;;R;97670000
008;095;;PRM SAO BORJA;GENERAL MARQUES;;850;CENTRO;RS;44;;;;F;1;92012467009550;;;;47.81-4/00;5232;;;47.81-4/00;;R;97670000
008;096;;PRM SANTA CRUZ DO SUL;VINTE E OITO DE SETEMBRO;;396;CENTRO;RS;9;;;;F;1;92012467009630;;;;47.81-4/00;5232;;;47.81-4/00;;R;96810042
008;097;;TOT PASSO FUNDO;GENERAL CANABARRO;;718;CENTRO;RS;1;;;;F;1;92012467009711;;;;47.59-8/99;5232;;;47.59-8/99;;R;99010190
008;099;;TOT LAGES;LUIZ DE CAMOES;;683;CORAL;SC;33;;;;F;1;92012467009983;;;;47.59-8/99;5232;;;47.59-8/99;;AV;88523000
008;100;;GRZ URUGUAIANA;DOMINGOS DE ALMEIDA;PREDIO;1932;CENTRO;RS;99;;;;F;1;92012467010051;;;;47.81-4/00;5232;;;47.81-4/00;;R;97501516
008;105;;TOT MONTENEGRO;RAMIRO BARCELOS;;2519;CENTRO;RS;91;;;;F;1;92012467010566;;;;47.59-8/99;5232;;;47.59-8/99;;R;95780000
008;107;;FARROUPILHA;RUA;DE MAIO,351;13;CENTRO;RS;25;;;;F;1;92012467010728;;;;47.81-4/00;5232;;;47.81-4/00;;R;95180000
008;108;;TOT SANTIAGO;GETULIO VARGAS;;1395;CENTRO;RS;66;;;;F;1;92012467010809;;;;47.59-8/99;5232;;;47.59-8/99;;AV;97700065
008;111;;CAMPOS NOVOS;AV.JUSCELINO KUBITSCHEK;;584;CENTRO;SC;96;;;;F;1;92012467011104;;;;47.81-4/00;5232;;;47.81-4/00;;R;89620000
008;112;;TOT IJUI;RUA DO COMERCIO;;33;CENTRO;RS;10;;;;F;1;92012467011295;;;;47.59-8/99;5232;;;47.59-8/99;;R;98700000
008;113;;TOT TRES PASSOS;RUA DALTRO FILHO;;753;CENTRO;RS;72;;;;F;1;92012467011376;;;;47.59-8/99;5232;;;47.59-8/99;;R;98600000
008;116;;TOLEDO;RUA BARAO DO RIO BRANCO;;2242;CENTRO;PR;64;;;;F;1;92012467011619;;;;47.81-4/00;5232;;;47.81-4/00;;R;85900030
008;117;;TOT SOLEDADE;CORONEL FALKEMBACK;SALA 02 E 03;807;CENTRO;RS;130;;;;F;1;92012467011708;;;;47.59-8/99;5232;;;47.59-8/99;;R;99300000
008;120;;TOT PASSO FUNDO;BRASIL LESTE;;925;PETROPOLIS;RS;1;;;;F;1;92012467012003;;;;47.59-8/99;5232;;;47.59-8/99;;AV;99050073
276;121;;PRM PORTO ALEGRE;RUA VOLUNTARIOS DA PATRIA;;294;CENTRO;RS;27;;;;F;1;06018086000247;;;;68.10-2/02;7020;;;68.10-2/02;;R;90030001
008;121;;PRM SAO BORJA;PRESIDENTE VARGAS;;1206;CENTRO;RS;44;;;;F;1;92012467012186;;;;47.81-4/00;5232;;;47.81-4/00;;AV;97670000
008;122;;CHAPECO;AV.GETULIO DORNELLES VARGAS;N;389;CENTRO;SC;47;;;;F;1;92012467012267;;;;47.81-4/00;5232;;;47.81-4/00;;R;89802000
008;124;;PRM SANTO ANGELO;VINTE CINCO DE JULHO;;400;CENTRO;RS;3;;;;F;1;92012467012429;;;;47.81-4/00;5232;;;47.81-4/00;;R;98801670
008;125;;PRM ERECHIM;NELSON EHLERS;LOJA TERREA;94;CENTRO;RS;63;;;;F;1;92012467012500;;;;47.81-4/00;5232;;;47.81-4/00;;R;99700398
008;126;;TOT SANTA CRUZ DO SUL;RUA FERNANDO ABOTT;;545;CENTRO;RS;9;;;;F;1;92012467012690;;;;47.59-8/99;5232;;;47.59-8/99;;R;96810148
008;127;;CAMAQUA;RUA MARECHAL FLORIANO;;1096;CENTRO;RS;81;;;;F;1;92012467012771;;;;47.81-4/00;5232;;;47.81-4/00;;R;96180000
127;127;;PASSO FUNDO;VALENTIN GRAZZIOTIN;;77;SĂO CRISTÓVĂO;RS;1;;;;F;1;90618372000179;;;;94.30-8/00;9199;;;94.30-8/00;;R;99060030
008;128;;TOT SAO GABRIEL;MASCARENHAS DE MORAES;;781;CENTRO;RS;22;;;;F;1;92012467012852;;;;47.59-8/99;5232;;;47.59-8/99;;R;97300370
008;129;;PRM PALMEIRA DAS MISSOES;INDEPENDENCIA;;1375;CENTRO;RS;6;;;;F;1;92012467012933;;;;47.81-4/00;5232;;;47.81-4/00;;AV;98300000
008;133;;TOT CURITIBANOS;ROTARY;;308;CENTRO;SC;74;;;;F;1;92012467013310;;;;47.59-8/99;5232;;;47.59-8/99;;R;89520000
008;135;;CONCORDIA;RUA DR. MARURI;;1044;CENTRO;SC;46;;;;F;1;92012467013581;;;;47.81-4/00;5232;;;47.81-4/00;;R;89700000
008;136;;JOINVILLE;AV.GETULIO VARGAS;;1295;CENTRO;SC;70;;;;F;1;92012467013662;;;;47.81-4/00;5232;;;47.81-4/00;;R;89202003
008;137;;BALNEARIO CAMBORIU;RUA AVENIDA DO ESTADO;;3124;CENTRO;SC;110;;;;F;1;92012467013743;;;;47.81-4/00;5232;;;47.81-4/00;;R;88330000
008;138;;PRM RIO GRANDE;24 DE MAIO 206;;326;CENTRO;RS;76;;;;F;1;92012467013824;;;;47.81-4/00;5232;;;47.81-4/00;;R;96200003
008;140;;PRM UNIAO DA VITORIA;DR CRUZ MACHADO;;152;CENTRO;PR;71;;;;F;1;92012467014049;;;;47.81-4/00;5232;;;47.81-4/00;;R;84600175
008;141;;TOT UNIAO DA VITORIA;VISCONDE DE GUARAPUAVA;;142;CENTRO;PR;71;;;;F;1;92012467014120;;;;47.59-8/99;5232;;;47.59-8/99;;AV;84600195
008;142;;TOT ROSARIO DO SUL;JOAO BRASIL;;1167;CENTRO;RS;50;;;;F;1;92012467014200;;;;47.59-8/99;5232;;;47.59-8/99;;R;97590000
008;143;;PRM IJUI;JOSE BONIFACIO;SL 2;444;CENTRO;RS;10;;;;F;1;92012467014391;;;;47.81-4/00;5232;;;47.81-4/00;;R;98700000
008;145;;PRM URUGUAIANA;DUQUE DE CAXIAS;;1530;CENTRO;RS;99;;;;F;1;92012467014553;;;;47.81-4/00;5232;;;47.81-4/00;;AV;97501584
008;146;;TOT ARARANGUA;SETE DE SETEMBRO;;653;CENTRO;SC;75;;;;F;1;92012467014634;;;;47.81-4/00;5232;;;47.81-4/00;;AV;88900000
008;149;;TUBARAO;RUA CORONEL CABRAL;;338;CENTRO;SC;83;;;;F;1;92012467014987;;;;47.81-4/00;5232;;;47.81-4/00;;R;88701050
008;150;;PONTA GROSSA;RUA MAURICIO DE NASSAU;;7;CENTRO;PR;30;;;;F;1;92012467015010;;;;47.81-4/00;5232;;;47.81-4/00;;R;84070330
008;151;;TOT RIO GRANDE;RUA GENERAL OSORIO;;495;CENTRO;RS;76;;;;F;1;92012467015100;;;;47.59-8/99;5232;;;47.59-8/99;;R;96200400
008;152;;GUARAPUAVA;AV.PREF.MOACIR JULIO SILVESTRE;;2452;CENTRO;PR;77;;;;F;1;92012467015282;;;;47.81-4/00;5232;;;47.81-4/00;;R;85015370
008;153;;TOT PELOTAS;RUA SANTOS DUMONT;;647;CENTRO;RS;61;;;;F;1;92012467015363;;;;47.81-4/00;5232;;;47.81-4/00;;R;96020380
008;154;;PRM VACARIA;RAMIRO BARCELOS;;1142;CENTRO;RS;54;;;;F;1;92012467015444;;;;47.81-4/00;5232;;;47.81-4/00;;R;95200058
008;155;;PRM SAO LUIZ GONZAGA;SENADOR PINHEIRO MACHADO;;2486;CENTRO;RS;79;;;;F;1;92012467015525;;;;47.81-4/00;5232;;;47.81-4/00;;AV;97800000
008;156;;NOVO HAMBURGO;AV.CEL.FREDERICO LINCK;;345;IDEAL;RS;69;;;;F;1;92012467015606;;;;47.81-4/00;5232;;;47.81-4/00;;R;93336001
008;157;;ESTEIO;AV. PRESIDENTE VARGAS;;1845;CENTRO;RS;86;;;;F;1;92012467015797;;;;47.81-4/00;5232;;;47.81-4/00;;R;93260003
008;158;;FRG PASSO FUNDO;MOROM;;1470;CENTRO;RS;1;;;;F;1;92012467015878;;;;47.81-4/00;5232;;;47.81-4/00;;R;99010032
008;159;;PRM PASSO FUNDO;BRASIL;;315;CENTRO;RS;1;;;;F;1;92012467015959;;;;47.81-4/00;5232;;;47.81-4/00;;AV;99010000
008;160;;PRM CURITIBANOS;CORONEL VIDAL RAMOS;;1100;CENTRO;SC;74;;;;F;1;92012467016092;;;;47.81-4/00;5232;;;47.81-4/00;;R;89520000
008;162;;FRG PORTO ALEGRE;RUA JOAO WALLIG;SJW 52;1800;CENTRO;RS;27;;;;F;1;92012467016254;;;;47.81-4/00;5232;;;47.81-4/00;;R;91340001
008;163;;PRM CRUZ ALTA;PINHEIRO MACHADO;;532;CENTRO;RS;40;;;;F;1;92012467016335;;;;47.81-4/00;5232;;;47.81-4/00;;R;98005000
008;167;;TOT CACADOR;BARAO DO RIO BRANCO;Sala 3;875;CENTRO;SC;93;;;;F;1;92012467016769;;;;47.59-8/99;5232;;;47.59-8/99;;AV;89500019
008;169;;PRM CARAZINHO;FLORES DA CUNHA;;2303;CENTRO;RS;31;;;;F;1;92012467016920;;;;47.81-4/00;5232;;;47.81-4/00;;AV;99500000
008;171;;SAO JOSE;AV.LEOBERTO LEAL;;01;BARREIROS;SC;58;;;;F;1;92012467017145;;;;47.81-4/00;5232;;;47.81-4/00;;R;88117001
008;173;;TOT;;;;;;;;;;F;1;;;;;;;;;;;;
008;174;;CRICIUMA;PRACA NEREU RAMOS;;364;CENTRO;SC;101;;;;F;1;92012467017498;;;;47.81-4/00;5232;;;47.81-4/00;;R;88801500
008;175;;JOINVILLE;RUA DO PRINCIPE;;429;CENTRO;SC;70;;;;F;1;92012467017579;;;;47.81-4/00;5232;;;47.81-4/00;;R;89201001
008;176;;PORTO ALEGRE;AV.BENTO GONCALVES;-1341;1333;CENTRO;RS;27;;;;F;1;92012467017650;;;;47.81-4/00;5232;;;47.81-4/00;;R;90650002
008;177;;PRM ROSARIO DO SUL;JOAO BRASIL;;1011;CENTRO;RS;50;;;;F;1;92012467017730;;;;47.81-4/00;5232;;;47.81-4/00;;R;97590000
008;180;;CURITIBA;RUA MARECHAL DEODORO;S 75 VI;630;CENTRO;PR;116;;;;F;1;92012467018036;;;;47.81-4/00;5232;;;47.81-4/00;;R;80010010
008;181;;FRANCISCO BELTRAO;RUA TENENTE CAMARGO;;1795;CENTRO;PR;107;;;;F;1;92012467018117;;;;47.81-4/00;5232;;;47.81-4/00;;R;85601610
008;182;;FRG CASCAVEL;SOUZA NEVES;;3913;CENTRO;PR;108;;;;F;1;92012467018206;;;;47.81-4/00;5232;;;47.81-4/00;;R;85810070
008;183;;GRZ ALEGRETE;DOS ANDRADAS;;617;CENTRO;RS;57;;;;F;1;92012467018389;;;;47.81-4/00;5232;;;47.81-4/00;;R;97541001
008;184;;PRM BAGE;SETE DE SETEMBRO;764;760;CENTRO;RS;45;;;;F;1;92012467018460;;;;47.81-4/00;5232;;;47.81-4/00;;AV;96400003
008;185;;PORTO ALEGRE;RUA DOS ANDRADAS;,SALAO COM 1;1001;CENTRO;RS;27;;;;F;1;92012467018540;;;;47.81-4/00;5232;;;47.81-4/00;;R;90020005
008;186;;PRM SANTA ROSA;RIO BRANCO;;420;CENTRO;RS;59;;;;F;1;92012467018621;;;;47.81-4/00;5232;;;47.81-4/00;;AV;98780100
008;187;;TOT LAGOA VERMELHA;BENJAMIN CONSTANT;;2145;CENTRO;RS;19;;;;F;1;92012467018702;;;;47.59-8/99;5232;;;47.59-8/99;;AV;95300000
008;188;;MARAU;RUA BENTO GONCALVES;;1414;CENTRO;RS;20;;;;F;1;92012467018893;;;;47.81-4/00;5232;;;47.81-4/00;;R;99150000
008;189;;TOT CANOAS;RIO GRANDE DO SUL;SALA 2;217;MATIAS VELHO;RS;62;;;;F;1;92012467018974;;;;47.81-4/00;5232;;;47.81-4/00;;AV;92330000
008;190;;FRG SAO BORJA;GENERAL MARQUES;SALA 02;969;CENTRO;RS;44;;;;F;1;92012467019008;;;;47.81-4/00;5232;;;47.81-4/00;;R;97670000
008;191;;FRG NOVO HAMBURGO;PEDRO ADAMS FILHO;LOJA 1;5130;CENTRO;RS;69;;;;F;1;92012467019199;;;;47.81-4/00;5232;;;47.81-4/00;;AV;93320002
008;192;;DIONISIO CERQUEIRA;TRAVESSA;;141;CENTRO;SC;134;;;;F;1;92012467019270;;;;47.81-4/00;5232;;;47.81-4/00;;R;89950000
008;193;;TOT DOM PEDRITO;MOREIRA CEZAR;;917;CENTRO;RS;132;;;;F;1;92012467019350;;;;47.59-8/99;5232;;;47.59-8/99;;R;96450000
008;194;;CASCAVEL;AV.BRASIL;;7331;CENTRO;PR;108;;;;F;1;92012467019431;;;;47.81-4/00;5232;;;47.81-4/00;;R;85806230
008;196;;TOT CACAPAVA DO SUL;SETE DE SETEMBRO;;934;CENTRO;RS;136;;;;F;1;92012467019601;;;;47.59-8/99;5232;;;47.59-8/99;;R;96570000
008;197;;ALVORADA;AV.PRESIDENTE GETULIO VARGAS;;599;CENTRO;RS;97;;;;F;1;92012467019784;;;;47.81-4/00;5232;;;47.81-4/00;;R;94810000
008;198;;FRG BAGE;SETE DE SETEMBRO;;849;CENTRO;RS;45;;;;F;1;92012467019865;;;;47.81-4/00;5232;;;47.81-4/00;;AV;96400006
008;199;;PRM SANTIAGO;GETULIO VARGAS;;1847;CENTRO;RS;66;;;;F;1;92012467019946;;;;47.81-4/00;5232;;;47.81-4/00;;AV;97700065
008;201;;TOT GRAVATAI;DORIVAL LUZ OLIVEIRA;;4770;CENTRO;RS;12;;;;F;1;92012467020103;;;;47.81-4/00;5232;;;47.81-4/00;;AV;94050000
008;202;;FRG SANTO ANGELO;MARQUES DO ERVAL;SALA B;1446;CENTRO;RS;3;;;;F;1;92012467020286;;;;47.81-4/00;5232;;;47.81-4/00;;R;98801640
008;203;;JOINVILLE;RUA IRIRIU;;3502;IRIRIU;SC;70;;;;F;1;92012467020367;;;;47.81-4/00;5232;;;47.81-4/00;;R;89224000
008;205;;TOT JAGUARAO;27 DE JANEIRO;;431;CENTRO;RS;141;;;;F;1;92012467020529;;;;47.59-8/99;5232;;;47.59-8/99;;R;96300000
008;206;;TOT ITAQUI;BORGES DO CANTO;;1035;CENTRO;RS;144;;;;F;1;92012467020600;;;;47.59-8/99;5232;;;47.59-8/99;;R;97650000
008;208;;FRG SAO JOSE;RUA GERONCIO THIEVES;219 E 220;1079;CENTRO;SC;58;;;;F;1;92012467020871;;;;47.81-4/00;5232;;;47.81-4/00;;R;88117200
008;209;;TOT SAO LEOPOLDO;AV.PAROBE;;464;SCHARLAU;RS;52;;;;F;1;92012467020952;;;;47.81-4/00;5232;;;47.81-4/00;;R;93125000
008;210;;FLORIANOPOLIS;RUA FELIPE SCHMIDT;S.06;176;CENTRO;SC;131;;;;F;1;92012467021096;;;;47.81-4/00;5232;;;47.81-4/00;;R;88010000
008;211;;FOZ DO IGUACU;AV.JUSC.KUBITSCHECK;;3705;PORTES;PR;23;;;;F;1;92012467021177;;;;47.81-4/00;5232;;;47.81-4/00;;R;85854000
008;212;;PORTO ALEGRE;AV.JULIO DE CASTILHOS;;293;CENTRO;RS;27;;;;F;1;92012467021258;;;;47.81-4/00;5232;;;47.81-4/00;;R;90030131
008;215;;CAXIAS DO SUL;EST.BR;,2570;116;N.SRA. DE LURDES;RS;42;;;;F;1;92012467021509;;;;47.81-4/00;5232;;;47.81-4/00;;R;95070070
008;216;;NOVO HAMBURGO;RUA GENERAL NETO;;59;CENTRO;RS;69;;;;F;1;92012467021681;;;;47.81-4/00;5232;;;47.81-4/00;;R;93510010
008;217;;BLUMENAU;RUA SETE DE SETEMBRO;;135;RIB.FRESC;SC;133;;;;F;1;92012467021762;;;;47.81-4/00;5232;;;47.81-4/00;;R;89010201
008;219;;PRM LAGOA VERMELHA;AFONSO PENA;;295;CENTRO;RS;19;;;;F;1;92012467021924;;;;47.81-4/00;5232;;;47.81-4/00;;AV;95300000
008;220;;MAFRA;RUA FELIPE SCHMIDT;;847;CENTRO;SC;105;;;;F;1;92012467022068;;;;47.81-4/00;5232;;;47.81-4/00;;R;89300000
008;222;;PONTA GROSSA;PRACA BARAO DE GUARAUNA;;29;CENTRO;PR;30;;;;F;1;92012467022220;;;;47.81-4/00;5232;;;47.81-4/00;;R;84010670
008;224;;FRG PONTA GROSSA;DR. COLARES;ES AUG RIBAS, 680;S/n;CENTRO;PR;30;;;;F;1;92012467022491;;;;47.81-4/00;5232;;;47.81-4/00;;R;84010010
008;227;;PRM CACADOR;ANITA GARIBALDI;;55;CENTRO;SC;93;;;;F;1;92012467022734;;;;47.81-4/00;5232;;;47.81-4/00;;R;89500058
008;228;;FRG SANTANA DO LIVRAMENTO;CONDE DE PORTO ALEGRE;;263;CENTRO;RS;53;;;;F;1;92012467022815;;;;47.81-4/00;5232;;;47.81-4/00;;R;97573575
008;229;;VENANCIO AIRES;RUA OSVALDO ARANHA;;328;CENTRO;RS;123;;;;F;1;92012467022904;;;;47.81-4/00;5232;;;47.81-4/00;;R;95200000
008;230;;SAO LUIZ GONZAGA;RUA;DE MAIO,1432;13;CENTRO;RS;79;;;;F;1;92012467023030;;;;47.81-4/00;5232;;;47.81-4/00;;R;97800000
008;231;;TUBARAO;AV.EXPEDICIONARIO PEDRO COELHO;;963;CENTRO;SC;83;;;;F;1;92012467023110;;;;47.81-4/00;5232;;;47.81-4/00;;R;88704201
008;233;;TOT URUGUAIANA;GENERAL FLORES DA CUNHA;;2035;CENTRO;RS;99;;;;F;1;92012467023382;;;;47.59-8/99;5232;;;47.59-8/99;;R;97502365
008;234;;LAGES;RUA MARECHAL DEODORO;;305;CENTRO;SC;33;;;;F;1;92012467023463;;;;47.81-4/00;5232;;;47.81-4/00;;R;88500000
008;235;;JOACABA;RUA FRANCISCO LINDNER;;510;CENTRO;SC;180;;;;F;1;92012467023544;;;;47.81-4/00;5232;;;47.81-4/00;;R;89600000
008;236;;CANOINHAS;RUA VIDAL RAMOS;;264;CENTRO;SC;186;;;;F;1;92012467023625;;;;47.81-4/00;5232;;;47.81-4/00;;R;89460000
008;238;;FRG JOINVILLE;JOAO COLIN;;112;CENTRO;SC;70;;;;F;1;92012467023897;;;;47.81-4/00;5232;;;47.81-4/00;;R;89201400
008;239;;PRM SANTA MARIA;DO ACAMPAMENTO;SALA 02;244;CENTRO;RS;2;;;;F;1;92012467023978;;;;47.81-4/00;5232;;;47.81-4/00;;R;97050000
008;240;;FRG LAJEADO;BR 386 KM 346;SALA 44;0;SAO CRISTOVAO;RS;125;;;;F;1;92012467024001;;;;47.81-4/00;5232;;;47.81-4/00;;ROD;95900000
008;241;;FRG ERECHIM;SETE DE SETEMBRO;;1200;CENTRO;RS;63;;;;F;1;92012467024192;;;;47.81-4/00;5232;;;47.81-4/00;;AV;99700000
008;242;;PRM ALEGRETE;GASPAR MARTINS;CASA;158;CENTRO;RS;57;;;;F;1;92012467024273;;;;47.81-4/00;5232;;;47.81-4/00;;R;97542000
008;243;;PRM SAO GABRIEL;CORONEL SEZEFREDO;;798;CENTRO;RS;22;;;;F;1;92012467024354;;;;47.81-4/00;5232;;;47.81-4/00;;R;97300222
008;244;;PRM SOLEDADE;JULIO DE CASTILHOS;;1092;CENTRO;RS;130;;;;F;1;92012467024435;;;;47.81-4/00;5232;;;47.81-4/00;;AV;99300000
008;245;;PASSO FUNDO;MOROM;;1331;CENTRO;RS;1;;;;F;1;92012467024516;;;;47.81-4/00;5232;;;47.81-4/00;;R;99010035
008;246;;ALEGRETE;GASPAR MARTINS;;093;CENTRO;RS;57;;;;F;1;92012467024605;;;;47.81-4/00;5232;;;47.81-4/00;;R;97542000
008;247;;BAGE;SETE DE SETEMBRO;;775;CENTRO;RS;45;;;;F;1;92012467024788;;;;47.81-4/00;5232;;;47.81-4/00;;AV;96400970
008;248;;SANTANA DO LIVRAMENTO;RUA DOS ANDRADAS;;289;CENTRO;RS;53;;;;F;1;92012467024869;;;;47.81-4/00;5232;;;47.81-4/00;;R;98801000
008;249;;SANTO ANGELO;RUA MARQUES DO HERVAL;;1446;CENTRO;RS;3;;;;F;1;92012467024940;;;;47.81-4/00;5232;;;47.81-4/00;;R;98801000
008;250;;PONTA GROSSA;AV.GEN.CARLOS CAVALCANTI;;1314;CENTRO;PR;30;;;;F;1;92012467025083;;;;47.81-4/00;5232;;;47.81-4/00;;R;84010000
008;251;;ARARANGUA;SETE DE SETEMBRO;;653;CENTRO;SC;75;;;;F;1;92012467025164;;;;47.81-4/00;5232;;;47.81-4/00;;AV;88900000
008;252;;FRG IJUI;ERNESTO ALVES;SALA 02;138;CENTRO;RS;10;;;;F;1;92012467025245;;;;47.81-4/00;5232;;;47.81-4/00;;R;98700000
008;253;;GRZ ITAJAI;RUA SAMUEL HEUSI;SALA 01;234;CENTRO;SC;32;;;;F;1;92012467025326;;;;47.81-4/00;5232;;;47.81-4/00;;R;88301070
008;254;;FRG PELOTAS;QUINZE DE NOVEMBRO;;616;CENTRO;RS;61;;;;F;1;92012467025407;;;;47.81-4/00;5232;;;47.81-4/00;;R;96015300
008;255;;SAO LEOPOLDO;AV.JOAO CORREA;;1776;CENTRO;RS;52;;;;F;1;92012467025598;;;;47.81-4/00;5232;;;47.81-4/00;;R;93020690
008;256;;FRG SANTA MARIA;FERNANDO FERRARI;SALA 042 043;1483;CENTRO;RS;2;;;;F;1;92012467025679;;;;47.81-4/00;5232;;;47.81-4/00;;AV;97050801
008;257;;SANTANA DO LIVRAMENTO;RUA DOS ANDRADAS;;76;CENTRO;RS;53;;;;F;1;92012467025750;;;;47.81-4/00;5232;;;47.81-4/00;;R;97573000
008;258;;PASSO FUNDO;BRASIL;;616;CENTRO;RS;1;;;;F;1;92012467025830;;;;47.81-4/00;5232;;;47.81-4/00;;AV;99100000
008;259;;PRM DOM PEDRITO;MOREIRA CEZAR;;935;CENTRO;RS;132;;;;F;1;92012467025911;;;;47.81-4/00;5232;;;47.81-4/00;;R;96450000
008;260;;CONCORDIA;RUA DR. MARURI;;1145;CENTRO;SC;46;;;;F;1;92012467026055;;;;47.81-4/00;5232;;;47.81-4/00;;R;89700000
008;261;;PRM CACHOEIRA DO SUL;SETE DE SETEMBRO;;1147;CENTRO;RS;39;;;;F;1;92012467026136;;;;47.81-4/00;5232;;;47.81-4/00;;R;96508011
008;262;;TOT CAXIAS DO SUL;RUA MOREIRA CESAR;;623;SAO JOSE;RS;42;;;;F;1;92012467026217;;;;47.81-4/00;5232;;;47.81-4/00;;R;95034000
008;263;;PRM ITAQUI;INDEPENDENCIA;;755;CENTRO;RS;144;;;;F;1;92012467026306;;;;47.81-4/00;5232;;;47.81-4/00;;R;97650000
008;264;;PRM PANAMBI;SETE DE SETEMBRO;;326;CENTRO;RS;417;;;;F;1;92012467026489;;;;47.81-4/00;5232;;;47.81-4/00;;R;98280000
008;265;;SAO BORJA;GENERAL MARQUES;;1066;CENTRO;RS;44;;;;F;1;92012467026560;;;;47.81-4/00;5232;;;47.81-4/00;;R;97670000
008;266;;FRG LAGES;CORREIA PINTO;;211;CENTRO;SC;33;;;;F;1;92012467026640;;;;47.81-4/00;5232;;;47.81-4/00;;R;88502201
008;267;;PRM CANOINHAS;FRANCISCO DE PAULA PEREIRA;;415;CENTRO;SC;186;;;;F;1;92012467026721;;;;47.81-4/00;5232;;;47.81-4/00;;R;89460048
008;268;;GRZ SANTA CRUZ DO SUL;MARECHAL FLORIANO;;925;CENTRO;RS;9;;;;F;1;92012467026802;;;;47.81-4/00;5232;;;47.81-4/00;;R;96810052
008;269;;FRG ALEGRETE;DOS ANDRADAS;ESQ GASPAR;575;CENTRO;RS;57;;;;F;1;92012467026993;;;;47.81-4/00;5232;;;47.81-4/00;;R;97541001
008;270;;PORTO ALEGRE;AV.ASSIS BRASIL;SALA 33;164;SARANDI;RS;27;;;;F;1;92012467027027;;;;47.81-4/00;5232;;;47.81-4/00;;R;91010000
008;271;;CANOAS;AV.GETULIO VARGAS;S.30;5765;CENTRO;RS;62;;;;F;1;92012467027108;;;;47.81-4/00;5232;;;47.81-4/00;;R;92010011
008;272;;GRZ GUARAPUAVA;RUA GETULIO VARGAS;;1390;CENTRO;PR;77;;;;F;1;92012467027299;;;;47.81-4/00;5232;;;47.81-4/00;;R;85010280
008;273;;TOT GUAIBA;RUA NESTOR DE MOURA JARDIM;;382;CENTRO;RS;119;;;;F;1;92012467027370;;;;47.81-4/00;5232;;;47.81-4/00;;R;92704300
008;274;;URUGUAIANA;RUA BENTO MARTINS;;2775;CENTRO;RS;99;;;;F;1;92012467027450;;;;47.81-4/00;5232;;;47.81-4/00;;R;97510001
008;275;;SAO LOURENCO DO SUL;ALMIRANTE BARROSO;/2039;2035;CENTRO;RS;431;;;;F;1;92012467027531;;;;47.81-4/00;5232;;;47.81-4/00;;R;96170000
008;276;;SAO MIGUEL DO OESTE;RUA ALMIRANTE TAMANDARE;;685;CENTRO;SC;145;;;;F;1;92012467027612;;;;47.81-4/00;5232;;;47.81-4/00;;R;89900000
008;277;;FRG GUARAPUAVA;SALDANHA MARINHO;;1494;CENTRO;PR;77;;;;F;1;92012467027701;;;;47.81-4/00;5232;;;47.81-4/00;;R;85010290
008;278;;FRG URUGUAIANA;DUQUE DE CAXIAS;;1734;CENTRO;RS;99;;;;F;1;92012467027884;;;;47.81-4/00;5232;;;47.81-4/00;;R;97501510
008;279;;JOINVILLE;RUA VISCONDE DE TAUNAY;;235;CENTRO;SC;70;;;;F;1;92012467027965;;;;47.81-4/00;5232;;;47.81-4/00;;R;89801420
008;280;;CRUZ ALTA;AVENIDA PINHEIRO MACHADO;;548;CENTRO;RS;40;;;;F;1;92012467028007;;;;47.81-4/00;5232;;;47.81-4/00;;R;98005000
008;281;;FRG CARAZINHO;FLORES DA CUNHA;;1793;CENTRO;RS;31;;;;F;1;92012467028180;;;;47.81-4/00;5232;;;47.81-4/00;;AV;99500000
008;282;;GRZ SAO GABRIEL;GENERAL MALLET;N 76;70;CENTRO;RS;22;;;;F;1;92012467028260;;;;47.81-4/00;5232;;;47.81-4/00;;R;97300430
008;283;;FRG CRUZ ALTA;PINHEIRO MACHADO;CASA;561;CENTRO;RS;40;;;;F;1;92012467028341;;;;47.81-4/00;5232;;;47.81-4/00;;R;98005000
008;284;;PRM MARAU;JULIO BORELLA;LOJA 01 E 02;620;CENTRO;RS;20;;;;F;1;92012467028422;;;;47.81-4/00;5232;;;47.81-4/00;;AV;99150000
008;285;;FRG SANTA CRUZ DO SUL;MARECHAL FLORIANO;;937;CENTRO;RS;9;;;;F;1;92012467028503;;;;47.81-4/00;5232;;;47.81-4/00;;R;96810052
008;286;;SANTA CRUZ DO SUL;MARECHAL FLORIANO;;943;CENTRO;RS;9;;;;F;1;92012467028694;;;;47.81-4/00;5232;;;47.81-4/00;;R;96810000
008;287;;FRG SANTA MARIA;VENANCIO AIRES;SALA 3;1831;CENTRO;RS;2;;;;F;1;92012467028775;;;;47.81-4/00;5232;;;47.81-4/00;;R;97010003
008;288;;PRM MAFRA;PRACA ERCILIO LUZ;;117;CENTRO I BAIXADA;SC;105;;;;F;1;92012467028856;;;;47.81-4/00;5232;;;47.81-4/00;;PC;89300278
008;289;;PRM JAGUARAO;VINTE SETE DE JANEIRO;;407;CENTRO;RS;141;;;;F;1;92012467028937;;;;47.81-4/00;5232;;;47.81-4/00;;AV;96300000
008;290;;FRG RIO GRANDE;GENERAL BACELAR;SALA A;265;CENTRO;RS;76;;;;F;1;92012467029070;;;;47.81-4/00;5232;;;47.81-4/00;;R;96200370
008;291;;FRG CACHOEIRA DO SUL;JULIO DE CASTILHOS;;253;CENTRO;RS;39;;;;F;1;92012467029151;;;;47.81-4/00;5232;;;47.81-4/00;;R;96501001
008;292;;FRG SANTA ROSA;RIO BRANCO;S 02;295;CENTRO;RS;59;;;;F;1;92012467029232;;;;47.81-4/00;5232;;;47.81-4/00;;AV;98900000
008;293;;FRG TOLEDO;RUA SETE DE SETEMBRO;;973;CENTRO;PR;64;;;;F;1;92012467029313;;;;47.81-4/00;5232;;;47.81-4/00;;R;85900220
008;294;;TUBARAO;AV.MARCOLINO MARTINS CABRAL;;926;CENTRO;SC;83;;;;F;1;92012467029402;;;;47.81-4/00;5232;;;47.81-4/00;;R;88701001
008;295;;GRZ LAJEADO;BR 386 KM 346;SALA 253;0;SAO CRISTOVAO;RS;125;;;;F;1;92012467029585;;;;47.81-4/00;5232;;;47.81-4/00;;ROD;95900000
008;296;;FRG SAO LEOPOLDO;RUA INDEPENDENCIA;;458;CENTRO;RS;52;;;;F;1;92012467029666;;;;47.81-4/00;5232;;;47.81-4/00;;R;93010003
008;297;;FRG VACARIA;JULIO DE CASTILHO;;1469;CENTRO;RS;54;;;;F;1;92012467029747;;;;47.81-4/00;5232;;;47.81-4/00;;R;95200000
008;298;;SANTA MARIA;RUA VENANCIO AIRES;;1761;CENTRO;RS;2;;;;F;1;92012467029828;;;;47.81-4/00;5232;;;47.81-4/00;;R;97010003
008;299;;PRM CACAPAVA DO SUL;15 DE NOVEMBRO;;321;CENTRO;RS;136;;;;F;1;92012467029909;;;;47.81-4/00;5232;;;47.81-4/00;;R;96570000
008;300;;ITAJAI;RUA SAMUEL HEUSI;;234;CENTRO;SC;32;;;;F;1;92012467030087;;;;47.81-4/00;5232;;;47.81-4/00;;R;88301070
008;301;;BENTO GONCALVES;MARECHAL DEODORO;;238;CENTRO;RS;38;;;;F;1;92012467030168;;;;47.81-4/00;5232;;;47.81-4/00;;R;95700000
008;302;;CACHOEIRA DO SUL;JULIO DE CASTILHOS;;517;CENTRO;RS;39;;;;F;1;92012467030249;;;;47.81-4/00;5232;;;47.81-4/00;;R;96501001
008;303;;PRM CACHOEIRINHA;AVENIDA FREDERICO RITTER;;51;CENTRO;RS;87;;;;F;1;92012467030320;;;;47.81-4/00;5232;;;47.81-4/00;;R;94930000
008;304;;PRM FRANCISCO BELTRAO;ANTONINA;;320;CENTRO;PR;107;;;;F;1;92012467030400;;;;47.81-4/00;5232;;;47.81-4/00;;R;85601580
008;305;;IJUI;RUA VENANCIO AIRES;;39;CENTRO;RS;10;;;;F;1;92012467030591;;;;47.81-4/00;5232;;;47.81-4/00;;R;98700000
008;306;;PRM TAPEJARA;SETE DE SETEMBRO;;1030;CENTRO;RS;5;;;;F;1;92012467030672;;;;47.81-4/00;5232;;;47.81-4/00;;AV;99950000
008;307;;PRM PASSO FUNDO;BRASIL OESTE;;885;BOQUEIRĂO;RS;1;;;;F;1;92012467030753;;;;47.81-4/00;5232;;;47.81-4/00;;AV;99025002
008;308;;TOT BARRACAO;SAO PAULO;;34;CENTRO;PR;166;;;;F;1;92012467030834;;;;47.81-4/00;5232;;;47.81-4/00;;R;85700000
008;309;;PRM IJUI;ERNESTO ALVES;SALA 01;138;CENTRO;RS;10;;;;F;1;92012467030915;;;;47.81-4/00;5232;;;47.81-4/00;;R;98700000
008;310;;PRM SANTO ANGELO;MARECHAL FLORIANO;SALA 02;1387;CENTRO;RS;3;;;;F;1;92012467031059;;;;47.81-4/00;5232;;;47.81-4/00;;R;98801650
008;311;;PRM FLORES DA CUNHA;ERNESTO ALVES;;2362;CENTRO;RS;714;;;;F;1;92012467031130;;;;47.81-4/00;5232;;;47.81-4/00;;R;95270000
008;312;;TOT HORIZONTINA;RUA URUGUAI;;899;CENTRO;RS;433;;;;F;1;92012467031210;;;;47.81-4/00;5232;;;47.81-4/00;;R;98920000
008;313;;PRM SAO SEPE;PLACIDO GONCALVES;TERREO;1486;CENTRO;RS;414;;;;F;1;92012467031300;;;;47.81-4/00;5232;;;47.81-4/00;;R;97340000
008;314;;PRM TRES DE MAIO;SENADOR ALBERTO PASQUALINE;SALA B;230;CENTRO;RS;90;;;;F;1;92012467031482;;;;47.81-4/00;5232;;;47.81-4/00;;AV;98910000
008;315;;PRM SAO PEDRO DO SUL;15 DE NOVEMBRO;;311;CENTRO;RS;257;;;;F;1;92012467031563;;;;47.81-4/00;5232;;;47.81-4/00;;R;97400000
008;316;;PRM TAQUARI;RUA SETE DE SETEMBRO;;2513;CENTRO;RS;921;;;;F;1;92012467031644;;;;47.81-4/00;5232;;;47.81-4/00;;R;95860000
008;317;;PRM CACHOEIRA DO SUL;JULIO DE CASTILHOS;;530;CENTRO;RS;39;;;;F;1;92012467031725;;;;47.81-4/00;5232;;;47.81-4/00;;AV;96501000
008;318;;PRM ESTEIO;AVENIDA PRESIDENTE VARGAS;;1698;CENTRO;RS;86;;;;F;1;92012467031806;;;;47.81-4/00;5232;;;47.81-4/00;;R;93260003
008;319;;PRM CERRO LARGO;SETE DE SETEMBRO;;647;CENTRO;RS;16;;;;F;1;92012467031997;;;;47.81-4/00;5232;;;47.81-4/00;;R;97900000
008;320;;GRZ VACARIA;RAMIRO BARCELOS;;1176;CENTRO;RS;54;;;;F;1;92012467032020;;;;47.81-4/00;5232;;;47.81-4/00;;R;95200058
008;321;;PRM CRUZ ALTA;GENERAL OSORIO;;255;CENTRO;RS;40;;;;F;1;92012467032101;;;;47.81-4/00;5232;;;47.81-4/00;;AV;98005150
008;322;;PRM XAXIM;CANDIDO TESTON;;1156;CENTRO;SC;516;;;;F;1;92012467032292;;;;47.81-4/00;5232;;;47.81-4/00;;R;89825000
008;323;;PRM SERAFINA CORREA;MIGUEL SOCCOL;SALA 01;2754;CENTRO;RS;643;;;;F;1;92012467032373;;;;47.81-4/00;5232;;;47.81-4/00;;AV;99250000
008;324;;PRM SAO MARCOS;VENANCIO AIRES;;586;CENTRO;RS;521;;;;F;1;92012467032454;;;;47.81-4/00;5232;;;47.81-4/00;;AV;95190000
008;325;;PRM HORIZONTINA;URUGUAI;SL TERREA 02;899;CENTRO;RS;433;;;;F;1;92012467032535;;;;47.81-4/00;5232;;;47.81-4/00;;R;98920000
008;326;;PRM CACEQUI;DUQUE DE CAXIAS;;1209;CENTRO;RS;396;;;;F;1;92012467032616;;;;47.81-4/00;5232;;;47.81-4/00;;R;97450000
008;327;;PRM BUTIA;AVENIDA PIRATINI;SALA 01;373;CENTRO;RS;1181;;;;F;1;92012467032705;;;;47.81-4/00;5232;;;47.81-4/00;;AV;96750970
008;328;;PRM CAMAQUA;JULIO DE CASTILHOS;A;676;CENTRO;RS;81;;;;F;1;92012467032888;;;;47.81-4/00;5232;;;47.81-4/00;;R;96780072
008;329;;PRM CRISSIUMAL;QUINZE DE NOVEMBRO;SALA 02;50;CENTRO;RS;1182;;;;F;1;92012467032969;;;;47.81-4/00;5232;;;47.81-4/00;;R;98640970
008;330;;PRM SANTO CRISTO;AMANDAU;;9;CENTRO;RS;35;;;;F;1;92012467033000;;;;47.81-4/00;5232;;;47.81-4/00;;R;98960000
008;331;;PRM SANTANA DO LIVRAMENTO;DOS ANDRADAS;SALA 02;384;CENTRO;RS;53;;;;F;1;92012467033183;;;;47.81-4/00;5232;;;47.81-4/00;;R;97573572
008;332;;PRM SANTA VITORIA DO PALMAR;BARAO DO RIO BRANCO;TERREA;530;CENTRO;RS;1191;;;;F;1;92012467033264;;;;47.81-4/00;5232;;;47.81-4/00;;R;96230000
008;333;;PRM VERANOPOLIS;OSVALDO ARANHA;SALA 01;1469;CENTRO;RS;420;;;;F;1;92012467033345;;;;47.81-4/00;5232;;;47.81-4/00;;AV;95330000
008;334;;PRM ESPUMOSO;ANGELO MACALOS;A;366;CENTRO;RS;13;;;;F;1;92012467033426;;;;47.81-4/00;5232;;;47.81-4/00;;AV;99400000
008;335;;PRM ANTONIO PRADO;VALDOMIRO BOCCHESE;;995;CENTRO;RS;1177;;;;F;1;92012467033507;;;;47.81-4/00;5232;;;47.81-4/00;;AV;95250000
008;336;;PRM SAO SEBASTIAO DO CAI;PINHEIRO MACHADO;;1008;CENTRO;RS;41;;;;F;1;92012467033698;;;;47.81-4/00;5232;;;47.81-4/00;;R;95760000
008;337;;PRM CANDELARIA;BOTUCARAI;;529;CENTRO;RS;408;;;;F;1;92012467033779;;;;47.81-4/00;5232;;;47.81-4/00;;R;96930000
008;337;;PRM CANDELARIA;TENENTE PEDRO VON MUHLEN;;529;CENTRO;RS;408;;;;F;1;92012467033779;;;;47.81-4/00;5232;;;47.81-4/00;;R;96930000
008;338;;PRM AGUDO;MARECHAL DEODORO;;376;CENTRO;RS;811;;;;F;1;92012467033850;;;;47.81-4/00;5232;;;47.81-4/00;;R;96540000
008;339;;PRM ROLANTE;BORGES DE MEDEIROS;;1968;CENTRO;RS;1193;;;;F;1;92012467033930;;;;47.81-4/00;5232;;;47.81-4/00;;AV;95690000
008;340;;PRM JAGUARI;SETE DE SETEMBRO;;345;CENTRO;RS;467;;;;F;1;92012467034074;;;;47.81-4/00;5232;;;47.81-4/00;;R;97760000
008;341;;PRM NAO ME TOQUE;FERNANDO STURM;;425;CENTRO;RS;538;;;;F;1;92012467034155;;;;47.81-4/00;5232;;;47.81-4/00;;R;99470000
008;342;;PRM ARROIO DO TIGRE;CASTELO BRANCO;;509;CENTRO;RS;11;;;;F;1;92012467034236;;;;47.81-4/00;5232;;;47.81-4/00;;R;96950000
008;343;;PRM SAO FRANCISCO DE PAULA;JULIO DE CASTILHOS;;632;CENTRO;RS;452;;;;F;1;92012467034317;;;;47.81-4/00;5232;;;47.81-4/00;;AV;95400000
008;344;;PRM CHARQUEADAS;BENTO GONCALVES;;697;CENTRO;RS;1139;;;;F;1;92012467034406;;;;47.81-4/00;5232;;;47.81-4/00;;AV;96745000
008;345;;FRG PORTO ALEGRE;CRISTOVAO COLOMBO;SALA 2194;545;FLORESTA;RS;27;;;;F;1;92012467034589;;;;47.81-4/00;5232;;;47.81-4/00;;AV;90560003
008;346;;FRG CANOAS;QUINZE DE JANEIRO;SALA 213;481;CENTRO;RS;62;;;;F;1;92012467034660;;;;47.81-4/00;5232;;;47.81-4/00;;AV;92010300
008;347;;PRM BENTO GONCALVES;OSVALDO ARANHA;SALA 102A;808;CENTRO;RS;38;;;;F;1;92012467034740;;;;47.81-4/00;5232;;;47.81-4/00;;R;95700000
008;348;;PRM BARRACAO;SAO PAULO;;34;CENTRO;PR;166;;;;F;1;92012467034821;;;;47.81-4/00;5232;;;47.81-4/00;;R;85700000
008;349;;FRG MONTENEGRO;RAMIRO BARCELOS;;2350;CENTRO;RS;91;;;;F;1;92012467034902;;;;47.81-4/00;5232;;;47.81-4/00;;R;95780000
008;350;;FRG PORTO ALEGRE;RUA VOLUNTARIOS DA PATRIA;SALAS130 131;294;CENTRO;RS;27;;;;F;1;92012467035046;;;;47.81-4/00;5232;;;47.81-4/00;;R;90030001
008;351;;PRM PALMEIRA;MARECHAL FLORIANO PEIXOTO;;286;SANTUARIO;PR;1201;;;;F;1;92012467035127;;;;47.81-4/00;5232;;;47.81-4/00;;PC;84130000
008;351;;PRM PALMEIRA;MARECHAL FLORIANO PEIXOTO;;286;CENTRO;PR;1201;;;;F;1;92012467035127;;;;47.81-4/00;5232;;;47.81-4/00;;PC;84130000
008;351;;PRM PALMEIRA;ERNESTO STAEHLER;;286;SANTUARIO;PR;1201;;;;F;1;92012467035127;;;;47.81-4/00;5232;;;47.81-4/00;;PC;84130000
008;351;;PRM PALMEIRA;ERNESTO STAEHLER;;286;CENTRO;PR;1201;;;;F;1;92012467035127;;;;47.81-4/00;5232;;;47.81-4/00;;PC;84130000
008;352;;PRM MONTENEGRO;RAMIRO BARCELOS;;2519;CENTRO;RS;91;;;;F;1;92012467035208;;;;47.81-4/00;5232;;;47.81-4/00;;R;95780000
008;353;;PRM PRUDENTOPOLIS;PRUDENTE DE MORAES;;489;CENTRO;PR;1200;;;;F;1;92012467035399;;;;47.81-4/00;5232;;;47.81-4/00;;R;84400000
008;354;;PRM SARANDI;PAULO DAL OGLIO;;1627;CENTRO;RS;495;;;;F;1;92012467035470;;;;47.81-4/00;5232;;;47.81-4/00;;R;99560000
008;355;;TOT IBIRUBA;GENERAL OSORIO;;740;CENTRO;RS;478;;;;F;1;92012467035550;;;;47.59-8/99;5232;;;47.59-8/99;;R;98200000
008;356;;PRM SANANDUVA;RIO BRANCO;;81;CENTRO;RS;717;;;;F;1;92012467035631;;;;47.81-4/00;5232;;;47.81-4/00;;AV;99840000
008;357;;FRG NOVA PRATA;PRESIDENTE VARGAS;;577;CENTRO;RS;463;;;;F;1;92012467035712;;;;47.81-4/00;5232;;;47.81-4/00;;AV;95320000
008;358;;PRM SANTA ROSA;DR JOAO DAHNE;;217;CENTRO;RS;59;;;;F;1;92012467035801;;;;47.81-4/00;5232;;;47.81-4/00;;R;98780078
008;359;;PRM VIDEIRA;DOM PEDRO II;;430;CENTRO;SC;360;;;;F;1;92012467035984;;;;47.81-4/00;5232;;;47.81-4/00;;AV;89560208
008;360;;PRM PORTO XAVIER;MARECHAL FLORIANO PEIXOTO;;649;CENTRO;RS;374;;;;F;1;92012467036018;;;;47.81-4/00;4781;;;47.81-4/00;;AV;98995000
008;361;;PRM SANTA BARBARA DO SUL;PRESIDENTE VARGAS;TERREO;65;CENTRO;RS;17;;;;F;1;92012467036107;;;;47.81-4/00;4781;;;47.81-4/00;;AV;98240000
008;362;;PRM TENENTE PORTELA;REDENCAO;;229;CENTRO;RS;851;;;;F;1;92012467036280;;;;47.81-4/00;4781;;;47.81-4/00;;AV;98500000
008;363;;PRM VERA CRUZ;NESTOR FREDERICO HENN;;1;CENTRO;RS;85;;;;F;1;92012467036360;;;;47.81-4/00;4781;;;47.81-4/00;;AV;96880000
008;364;;PRM CAMPOS NOVOS;CORONEL LUCIDORO;;1200;CENTRO;SC;96;;;;F;1;92012467036441;;;;47.81-4/00;4781;;;47.81-4/00;;R;89620000
008;365;;PRM TAPES;GETULIO VARGAS;;499;CENTRO;RS;510;;;;F;1;92012467036522;;;;47.81-4/00;4781;;;47.81-4/00;;AV;96760000
008;366;;TOT QUARAI;SETE DE SETEMBRO;;758;CENTRO;RS;346;;;;F;1;92012467036603;;;;47.59-8/99;4781;;;47.59-8/99;;AV;97560000
008;367;;PRM NOVA HARTZ;EMILIO JOST;;223;CENTRO;RS;1222;;;;F;1;92012467036794;;;;47.81-4/00;4781;;;47.81-4/00;;R;93890000
008;368;;PRM IRATI;XV DE NOVEMBRO;;220;CENTRO;PR;1227;;;;F;1;92012467036875;;;;47.81-4/00;4781;;;47.81-4/00;;R;84500000
008;369;;PRM IMBITUVA;JOAQUIM GASPAR;;132;CENTRO;PR;441;;;;F;1;92012467036956;;;;47.81-4/00;4781;;;47.81-4/00;;R;84430000
008;370;;PRM SANTO ANTONIO DA PATRULHA;CORONEL VICTOR VILLA VERDE;LOJA 01;76;PITANGUEIRAS;RS;889;;;;F;1;92012467037090;;;;47.81-4/00;4781;;;47.81-4/00;;AV;95500000
008;371;;TOT SANTA VITORIA DO PALMAR;BARĂO DO RIO BRANCO;;909;CENTRO;RS;1191;;;;F;1;92012467037170;;;;47.59-8/99;4781;;;47.59-8/99;;R;96230000
008;372;;PRM CAPANEMA;INDEPENDENCIA;;1049;CENTRO;PR;858;;;;F;1;92012467037251;;;;47.81-4/00;4781;;;47.81-4/00;;AV;85760000
008;373;;PRM NONOAI;DR PEDRO ROSO;;580;CENTRO;RS;354;;;;F;1;92012467037332;;;;47.81-4/00;4781;;;47.81-4/00;;R;99600000
008;374;;PRM LAGES;LUIZ DE CAMOES;;50;CORAL;SC;33;;;;F;1;92012467037413;;;;47.81-4/00;4781;;;47.81-4/00;;AV;88523000
008;375;;PRM OSORIO;SANTOS DUMONT;LOJA 01;226;CENTRO;RS;1231;;;;F;1;92012467037502;;;;47.81-4/00;4781;;;47.81-4/00;;R;95520000
008;376;;PRM PIRAI DO SUL;IZIDORO DOIN;;196;CENTRO;PR;615;;;;F;1;92012467037685;;;;47.81-4/00;4781;;;47.81-4/00;;R;84240000
008;377;;PRM GETULIO VARGAS;SEVERINO DE ALMEIDA;SL 03;620;CENTRO;RS;4;;;;F;1;92012467037766;;;;47.81-4/00;4781;;;47.81-4/00;;AV;99900000
008;378;;PRM SAO LOURENCO D OESTE;Ernesto Beuter;;1142;CENTRO;SC;551;;;;F;1;92012467037847;;;;47.81-4/00;4781;;;47.81-4/00;;R;89990000
008;379;;PRM CORONEL VIVIDA;GENEROSO MARQUES;;786;CENTRO;PR;865;;;;F;1;92012467037928;;;;47.81-4/00;4781;;;47.81-4/00;;AV;85550000
008;380;;PRM AMPERE;XV DE NOVEMBRO;SL 01;1206;CENTRO;PR;1239;;;;F;1;92012467038061;;;;47.81-4/00;4781;;;47.81-4/00;;R;85640000
008;381;;PRM LARANJEIRAS DO SUL;XV DE NOVEMBRO;;2223;CENTRO;PR;453;;;;F;1;92012467038142;;;;47.81-4/00;4781;;;47.81-4/00;;R;85301050
008;382;;PRM SAO LOURENCO DO SUL;SENADOR PINHEIRO MACHADO;;618;CENTRO;RS;431;;;;F;1;92012467038223;;;;47.81-4/00;4781;;;47.81-4/00;;R;96170000
008;383;;PRM MARAVILHA;SETE DE SETEMBRO;SALA 101;662;CENTRO;SC;362;;;;F;1;92012467038304;;;;47.81-4/00;4781;;;47.81-4/00;;AV;89874000
008;384;;PRM ARROIO DO MEIO;VISCONDE DO RIO BRANCO;503 507;497;CENTRO;RS;770;;;;F;1;92012467038495;;;;47.81-4/00;4781;;;47.81-4/00;;R;95940000
008;385;;PRM VENANCIO AIRES;OSVALDO ARANHA;;1458;CENTRO;RS;123;;;;F;1;92012467038576;;;;47.81-4/00;4781;;;47.81-4/00;;R;95800000
008;386;;PRM IGREJINHA;GENERAL ERNESTO DORNELES;SALA 01;391;CENTRO;RS;1111;;;;F;1;92012467038657;;;;47.81-4/00;4781;;;47.81-4/00;;R;95650000
008;387;;PRM PALMAS;AUGUSTO GUIMARAES;;1008;CENTRO;PR;531;;;;F;1;92012467038738;;;;47.81-4/00;4781;;;47.81-4/00;;R;85555000
008;388;;TOT NOVA PRATA;PRESIDENTE VARGAS;;577;CENTRO;RS;463;;;;F;1;92012467038819;;;;47.81-4/00;4781;;;47.81-4/00;;AV;95320000
008;389;;PRM CARAZINHO;FLORES DA CUNHA;;4191;CENTRO;RS;31;;;;F;1;92012467038908;;;;47.81-4/00;4781;;;47.81-4/00;;AV;99500000
008;390;;GRZ VIAMAO;REVERENDO AMERICO VESPUCIO CABRAL;;368;CENTRO;RS;60;;;;F;1;92012467039033;;;;47.81-4/00;4781;;;47.81-4/00;;R;94410300
008;391;;PRM RIO PARDO;GENERAL ANDRADE NEVES;;356;CENTRO;RS;139;;;;F;1;92012467039114;;;;47.81-4/00;4781;;;47.81-4/00;;R;96640000
008;392;;TOT ARROIO GRANDE;VISCONDE DE MAUA;;821;CENTRO;RS;402;;;;F;1;92012467039203;;;;47.59-8/99;4781;;;47.59-8/99;;R;96330000
008;393;;PRM REALEZA;BRUNO ZUTTION;SALA 11;3477;CENTRO;PR;410;;;;F;1;92012467039386;;;;47.81-4/00;4781;;;47.81-4/00;;AV;85770000
008;394;;TOT CARAZINHO;FLORES DA CUNHA;;4189;CENTRO;RS;31;;;;F;1;92012467039467;;;;47.81-4/00;4781;;;47.81-4/00;;AV;99500000
008;395;;FRG CHAPECO;MARECHAL JOSE B BORMANN;E;119;CENTRO;SC;47;;;;F;1;92012467039548;;;;47.81-4/00;4781;;;47.81-4/00;;R;89802120
008;396;;PRM CONCORDIA;ORESTES FARINA;SALA A;205;CENTRO;SC;46;;;;F;1;92012467039629;;;;47.81-4/00;4781;;;47.81-4/00;;R;89700071
008;397;;PRM TEUTONIA;TRES DE OUTUBRO;SALA 02;298;LANGUIRU;RS;1154;;;;F;1;92012467039700;;;;47.81-4/00;4781;;;47.81-4/00;;R;95890000
008;398;;PRM PINHAO;QUINZE DE NOVEMBRO;SL COMERCIAL;115;CENTRO;PR;543;;;;F;1;92012467039890;;;;47.81-4/00;4781;;;47.81-4/00;;R;85170000
008;399;;PRM SANTIAGO;TITO BECCON;TERREA;1455;CENTRO;RS;66;;;;F;1;92012467039971;;;;47.81-4/00;4781;;;47.81-4/00;;R;97700400
008;400;;PRM SANTA MARIA;MEDIANEIRA;;1092;CENTRO;RS;2;;;;F;1;92012467040040;;;;47.81-4/00;4781;;;47.81-4/00;;AV;97060003
008;401;;PRM JULIO DE CASTILHOS;BARAO DO RIO BRANCO;;260;CENTRO;RS;368;;;;F;1;92012467040120;;;;47.81-4/00;4781;;;47.81-4/00;;R;98130000
008;402;;TOT SANTA MARIA;DO ACAMPAMENTO;SALA 01;244;CENTRO;RS;2;;;;F;1;92012467040201;;;;47.59-8/99;4781;;;47.59-8/99;;R;97050240
008;403;;PRM GUARAPUAVA;CAPITAO ROCHA;;1675;CENTRO;PR;77;;;;F;1;92012467040392;;;;47.81-4/00;4781;;;47.81-4/00;;R;85010270
008;404;;PRM FREDERICO WESTPHALEN;DO COMERCIO;SALA 101;499;CENTRO;RS;48;;;;F;1;92012467040473;;;;47.81-4/00;4781;;;47.81-4/00;;R;98400000
008;405;;PRM ITAQUI;DAVID CANABARRO;;1200;CENTRO;RS;144;;;;F;1;92012467040554;;;;47.81-4/00;4781;;;47.81-4/00;;R;97650000
008;406;;TOT SAO FRANCISCO DE ASSIS;13 DE JANEIRO;;1244;CENTRO;RS;895;;;;F;1;92012467040635;;;;47.59-8/99;4781;;;47.59-8/99;;R;97610000
008;407;;PRM RESTINGA SECA;JULIO DE CASTILHOS;;615;CENTRO;RS;1003;;;;F;1;92012467040716;;;;47.81-4/00;4781;;;47.81-4/00;;AV;97200000
008;408;;PRM CLEVELANDIA;CORONEL MANOEL FERREIRA BELLO;;136;CENTRO;PR;1123;;;;F;1;92012467040805;;;;47.81-4/00;4781;;;47.81-4/00;;R;85530000
008;409;;TOT PANAMBI;BARAO DO RIO BRANCO;;910;CENTRO;RS;417;;;;F;1;92012467040988;;;;47.59-8/99;4781;;;47.59-8/99;;R;98280000
008;410;;TOT SAO SEPE;CLEMENCIANO BARNASQUE;;1484;CENTRO;RS;414;;;;F;1;92012467041011;;;;47.59-8/99;4781;;;47.59-8/99;;R;97340000
008;411;;PRM ALEGRETE;DOS ANDRADAS;SALA TERREA;657;CENTRO;RS;57;;;;F;1;92012467041100;;;;47.81-4/00;4781;;;47.81-4/00;;R;97541001
008;412;;PRM SAO LEOPOLDO;PAROBE;;464;SCHARLAU;RS;52;;;;F;1;92012467041283;;;;47.81-4/00;4781;;;47.81-4/00;;AV;93125000
008;413;;FRG SAO LEOPOLDO;PRIMEIRO DE MARCO;;658;CENTRO;RS;52;;;;F;1;92012467041364;;;;47.81-4/00;4781;;;47.81-4/00;;R;93010210
008;414;;TOT GIRUA;FRANCISCO LEOPOLDO UHRY;;230;CENTRO;RS;437;;;;F;1;92012467041445;;;;47.59-8/99;4781;;;47.59-8/99;;R;98870970
008;415;;GRZ CACAPAVA DO SUL;15 DE NOVEMBRO;;539;CENTRO;RS;136;;;;F;1;92012467041526;;;;47.81-4/00;4781;;;47.81-4/00;;R;96570970
008;416;;TOT FRAIBURGO;NEREU RAMOS;;552;CENTRO;SC;685;;;;F;1;92012467041607;;;;47.59-8/99;4781;;;47.59-8/99;;R;89580000
008;417;;FRG PASSO FUNDO;CORONEL CHICUTA;SALA 107;355;CENTRO;RS;1;;;;F;1;92012467041798;;;;47.81-4/00;4781;;;47.81-4/00;;R;99010050
008;418;;PRM SAO MATEUS DO SUL;DOM PEDRO II;;552;CENTRO;PR;1273;;;;F;1;92012467041879;;;;47.81-4/00;4781;;;47.81-4/00;;R;83900000
008;419;;PRM SEBERI;GENERAL FLORES DA CUNHA;;1048;CENTRO;RS;983;;;;F;1;92012467041950;;;;47.81-4/00;4781;;;47.81-4/00;;AV;98380970
008;420;;PRM PELOTAS;VINTE DE SETEMBRO;;482;CENTRO;RS;61;;;;F;1;92012467042093;;;;47.81-4/00;4781;;;47.81-4/00;;PC;96015360
008;421;;FRG SANTA MARIA;DAS DORES;SALA 233;305;CENTRO;RS;2;;;;F;1;92012467042174;;;;47.81-4/00;4781;;;47.81-4/00;;AV;97050530
008;422;;PRM XANXERE;JOSE DE MIRANDA RAMOS;;100;CENTRO;SC;65;;;;F;1;92012467042255;;;;47.81-4/00;4781;;;47.81-4/00;;R;89820000
008;423;;PRM CONSTANTINA;PRESIDENTE VARGAS;;454;CENTRO;RS;456;;;;F;1;92012467042336;;;;47.81-4/00;4781;;;47.81-4/00;;AV;99680000
008;424;;PRM CANOAS;RIO GRANDE DO SUL;;217;MATHIAS VELHO;RS;62;;;;F;1;92012467042417;;;;47.81-4/00;4781;;;47.81-4/00;;R;92330000
008;425;;GRZ CANOINHAS;FRANCISCO DE PAULA PEREIRA;;564;CENTRO;SC;186;;;;F;1;92012467042506;;;;47.81-4/00;4781;;;47.81-4/00;;R;89460970
008;427;;PRM CORREIA PINTO;BELIZARIO RAMOS;;58;CENTRO;SC;594;;;;F;1;92012467042760;;;;47.81-4/00;4781;;;47.81-4/00;;R;88535000
008;428;;TOT SANTANA DO LIVRAMENTO;DOS ANDRADAS;;559;CENTRO;RS;53;;;;F;1;92012467042840;;;;47.59-8/99;4781;;;47.59-8/99;;R;97573565
008;429;;GRZ PELOTAS;MARECHAL FLORIANO PEIXOTO;E 158 A;158;CENTRO;RS;61;;;;F;1;92012467042921;;;;47.81-4/00;4781;;;47.81-4/00;;R;96015440
008;430;;GRZ SANTANA DO LIVRAMENTO;DOS ANDRADAS;;385;CENTRO;RS;53;;;;F;1;92012467043065;;;;47.81-4/00;4781;;;47.81-4/00;;R;97573565
008;431;;TOT SAO LUIZ GONZAGA;SENADOR PINHEIRO MACHADO;;2445;CENTRO;RS;79;;;;F;1;92012467043146;;;;47.59-8/99;4781;;;47.59-8/99;;AV;97800000
008;432;;PRM PASSO FUNDO;PRESIDENTE VARGAS;SALA A;20;LUCAS ARAUJO;RS;1;;;;F;1;92012467043227;;;;47.81-4/00;4781;;;47.81-4/00;;AV;99070000
008;433;;PRM SANTO ANTONIO DAS MISSOES;ASSIS ANTONIO DIAS;;3440;CENTRO;RS;1024;;;;F;1;92012467043308;;;;47.81-4/00;4781;;;47.81-4/00;;R;97870000
008;434;;TOT CANOINHAS;CORONEL ALBUQUERQUE;;741;CENTRO;SC;186;;;;F;1;92012467043499;;;;47.81-4/00;4781;;;47.81-4/00;;R;89460000
008;435;;PRM CANOINHAS;CORONEL ALBUQUERQUE;SALA 03;747;CENTRO;SC;186;;;;F;1;92012467043570;;;;47.81-4/00;4781;;;47.81-4/00;;R;89460000
008;436;;PRM OTACILIO COSTA;BAHIA;;55;CENTRO;SC;653;;;;F;1;92012467043650;;;;47.81-4/00;4781;;;47.81-4/00;;R;88540000
008;437;;GRZ SAO LUIZ GONZAGA;SENADOR PINHEIRO MACHADO;;2465;CENTRO;RS;79;;;;F;1;92012467043731;;;;47.81-4/00;4781;;;47.81-4/00;;AV;97800000
008;438;;GRZ IBIRUBA;SETE DE SETEMBRO;;1122;CENTRO;RS;478;;;;F;1;92012467043812;;;;47.81-4/00;4781;;;47.81-4/00;;R;98200970
008;439;;GRZ TRES PASSOS;BENTO GONCALVES;;383;CENTRO;RS;72;;;;F;1;92012467043901;;;;47.81-4/00;4781;;;47.81-4/00;;R;98600970
008;440;;PRM ABELARDO LUZ;CASTELO BRANCO;SALA 01;1578;CENTRO;SC;443;;;;F;1;92012467044037;;;;47.81-4/00;4781;;;47.81-4/00;;AV;89830000
008;441;;PRM LAGES;MARECHAL FLORIANO;;373;CENTRO;SC;33;;;;F;1;92012467044118;;;;47.81-4/00;4781;;;47.81-4/00;;AV;88501103
008;442;;PRM FAXINAL DO SOTURNO;VICENTE PIGATTO;;950;CENTRO;RS;1073;;;;F;1;92012467044207;;;;47.81-4/00;4781;;;47.81-4/00;;AV;97220970
008;443;;TOT SANTA BARBARA DO SUL;CORONEL VITOR DUMONCEL;;1275;CENTRO;RS;17;;;;F;1;92012467044380;;;;47.81-4/00;4781;;;47.81-4/00;;AV;98240000
008;444;;PRM SOBRADINHO;GENERAL OSORIO;;99;CENTRO;RS;359;;;;F;1;92012467044460;;;;47.81-4/00;4781;;;47.81-4/00;;R;96900000
008;445;;GRZ SANTIAGO;TITO BECCON;;1445;CENTRO;RS;66;;;;F;1;92012467044541;;;;47.81-4/00;4781;;;47.81-4/00;;R;97700400
008;446;;TOT JULIO DE CASTILHOS;GETULIO VARGAS;;16;CENTRO;RS;368;;;;F;1;92012467044622;;;;47.59-8/99;4781;;;47.59-8/99;;AV;98130000
008;447;;PRM URUGUAIANA;DOMINGOS DE ALMEIDA;;2027;CENTRO;RS;99;;;;F;1;92012467044703;;;;47.81-4/00;4781;;;47.81-4/00;;R;97501633
008;448;;PRM TAQUARA;MARECHAL FLORIANO;;1511;CENTRO;RS;438;;;;F;1;92012467044894;;;;47.81-4/00;4781;;;47.81-4/00;;R;95600032
008;449;;PRM SAO JOAQUIM;LAURO MULLER;SALA 203;207;CENTRO;SC;815;;;;F;1;92012467044975;;;;47.81-4/00;4781;;;47.81-4/00;;R;88600000
008;450;;PRM FAXINAL DOS GUEDES;SAO JOAO;;381;CENTRO;SC;591;;;;F;1;92012467045009;;;;47.81-4/00;4781;;;47.81-4/00;;AV;89694000
008;451;;PRM SAO BORJA;CANDIDO FALCAO;SALA 02;940;CENTRO;RS;44;;;;F;1;92012467045190;;;;47.81-4/00;4781;;;47.81-4/00;;R;97670000
008;452;;TOT SANTO AUGUSTO;INDEPENDENCIA;SALA 1;214;CENTRO;RS;106;;;;F;1;92012467045270;;;;47.59-8/99;4781;;;47.59-8/99;;R;98590000
008;453;;PRM RODEIO BONITO;DO COMERCIO;;990;CENTRO;RS;401;;;;F;1;92012467045351;;;;47.81-4/00;4781;;;47.81-4/00;;AV;98360000
008;454;;PRM ARVOREZINHA;DALTRO FILHO;;115;CENTRO;RS;730;;;;F;1;92012467045432;;;;47.81-4/00;4781;;;47.81-4/00;;R;95995000
008;455;;GRZ ITAQUI;QUINZE DE NOVEMBRO;;691;CENTRO;RS;144;;;;F;1;92012467045513;;;;47.81-4/00;4781;;;47.81-4/00;;R;97650970
008;456;;PRM ERVAL SECO;HARRY LUERSEN;;184;CENTRO;RS;367;;;;F;1;92012467045602;;;;47.81-4/00;4781;;;47.81-4/00;;AV;98390970
008;457;;PRM SAO DOMINGOS;BENJAMIN CONSTANT;;1078;CENTRO;SC;439;;;;F;1;92012467045785;;;;47.81-4/00;4781;;;47.81-4/00;;R;89835000
008;458;;PRM ENCANTADO;BARAO DO RIO BRANCO;;617;CENTRO;RS;1245;;;;F;1;92012467045866;;;;47.81-4/00;4781;;;47.81-4/00;;R;95960000
008;459;;PRM SAO GABRIEL;CORONEL SOARES;;796;CENTRO;RS;22;;;;F;1;92012467045947;;;;47.81-4/00;4781;;;47.81-4/00;;R;97300000
008;460;;PRM SOLEDADE;MARECHAL FLORIANO PEIXOTO;;909;CENTRO;RS;130;;;;F;1;92012467046080;;;;47.81-4/00;4781;;;47.81-4/00;;AV;99300000
008;461;;GRZ VENANCIO AIRES;OSVALDO ARANHA;;1685;CENTRO;RS;123;;;;F;1;92012467046161;;;;47.81-4/00;4781;;;47.81-4/00;;R;95800000
008;462;;TOT TUPANCIRETA;VAZ FERREIRA;;776;CENTRO;RS;338;;;;F;1;92012467046242;;;;47.59-8/99;4781;;;47.59-8/99;;AV;98170000
008;463;;TOT CAMAQUA;JULIO DE CASTILHOS;sala terrea;662;CENTRO;RS;81;;;;F;1;92012467046323;;;;47.59-8/99;4781;;;47.59-8/99;;R;96780072
008;464;;GRZ FREDERICO WESTPHALEN;DO COMERCIO;SALA 01;355;CENTRO;RS;48;;;;F;1;92012467046404;;;;47.81-4/00;4781;;;47.81-4/00;;R;98400000
008;465;;PRM SAO JERONIMO;CORONEL SOARES DE CARVALHO;;518;CENTRO;RS;632;;;;F;1;92012467046595;;;;47.81-4/00;4781;;;47.81-4/00;;R;96700000
008;466;;GRZ AGUDO;CONCORDIA;;624;CENTRO;RS;811;;;;F;1;92012467046676;;;;47.81-4/00;4781;;;47.81-4/00;;AV;96540000
008;467;;TOT ALEGRETE;DOS ANDRADAS;;599;CENTRO;RS;57;;;;F;1;92012467046757;;;;47.59-8/99;4781;;;47.59-8/99;;R;97541001
008;468;;PRM CRUZ ALTA;PINHEIRO MACHADO;;854;CENTRO;RS;40;;;;F;1;92012467046838;;;;47.81-4/00;4781;;;47.81-4/00;;R;98005000
008;469;;PRM CARAZINHO;FLORES DA CUNHA;;633;CENTRO;RS;31;;;;F;1;92012467046919;;;;47.81-4/00;4781;;;47.81-4/00;;AV;99500000
008;470;;PRM CHAPECO;SENADOR ATTILIO FRANCISCO;;2160;EFAPI;SC;47;;;;F;1;92012467047052;;;;47.81-4/00;4781;;;47.81-4/00;;AV;89809505
008;471;;GRZ ESPUMOSO;ANGELO MACALOS;;366;CENTRO;RS;13;;;;F;1;92012467047133;;;;47.81-4/00;4781;;;47.81-4/00;;AV;99400000
008;472;;PRM RONDA ALTA;XV DE NOVEMBRO;;767;CENTRO;RS;21;;;;F;1;92012467047214;;;;47.81-4/00;4781;;;47.81-4/00;;R;99670000
008;473;;GRZ NOVA HARTZ;EMILIO JOST;;223;CENTRO;RS;1222;;;;F;1;92012467047303;;;;47.81-4/00;4781;;;47.81-4/00;;R;93890000
008;474;;TOT TRES DE MAIO;PADRE CACIQUE;TERREO;990;CENTRO;RS;90;;;;F;1;92012467047486;;;;47.59-8/99;4781;;;47.59-8/99;;R;98910970
008;475;;PRM CHAPECO;MARECHAL JOSE B BORMANN;;119;CENTRO;SC;47;;;;F;1;92012467047567;;;;47.81-4/00;4781;;;47.81-4/00;;R;89802120
008;476;;GRZ SANTO AUGUSTO;DO COMERCIO;;617;CENTRO;RS;106;;;;F;1;92012467047648;;;;47.81-4/00;4781;;;47.81-4/00;;AV;98590970
008;477;;GRZ TAPEJARA;QUINZE DE NOVEMBRO;;124;CENTRO;RS;5;;;;F;1;92012467047729;;;;47.81-4/00;4781;;;47.81-4/00;;R;99950970
008;478;;GRZ TUPANCIRETA;VAZ FERREIRA;SALA 02;1346;CENTRO;RS;338;;;;F;1;92012467047800;;;;47.81-4/00;4781;;;47.81-4/00;;AV;98170970
008;479;;PRM TAPERA;DUQUE DE CAXIAS;;590;CENTRO;RS;28;;;;F;1;92012467047990;;;;47.81-4/00;4781;;;47.81-4/00;;R;99490000
008;480;;PRM TUPANCIRETA;VAZ FERREIRA;LOJA 01;1346;CENTRO;RS;338;;;;F;1;92012467048024;;;;47.81-4/00;4781;;;47.81-4/00;;AV;98170970
008;481;;PRM PORTO ALEGRE;PROTASIO ALVES;SALA 02;5735;PETROPOLIS;RS;27;;;;F;1;92012467048105;;;;47.81-4/00;4781;;;47.81-4/00;;AV;91310003
008;482;;GRZ LAGOA VERMELHA;AFONSO PENA;SALA 02;581;CENTRO;RS;19;;;;F;1;92012467048296;;;;47.81-4/00;4781;;;47.81-4/00;;AV;95300000
008;483;;PRM SAO MIGUEL DO OESTE;SANTOS DUMONT;SALA 01;525;CENTRO;SC;145;;;;F;1;92012467048377;;;;47.81-4/00;4781;;;47.81-4/00;;R;89900000
008;484;;PRM CACADOR;BARAO DO RIO BRANCO;;875;CENTRO;SC;93;;;;F;1;92012467048458;;;;47.81-4/00;4781;;;47.81-4/00;;AV;89500019
008;485;;GRZ CACADOR;BARAO DO RIO BRANCO;;875;CENTRO;SC;93;;;;F;1;92012467048539;;;;47.81-4/00;4781;;;47.81-4/00;;AV;89500019
008;486;;PRM NOVO HAMBURGO;LIMA E SILVA;;433;CENTRO;RS;69;;;;F;1;92012467048610;;;;47.81-4/00;4781;;;47.81-4/00;;R;93510030
008;487;;PRM SAPIRANGA;SAO PEDRO;;66;CENTRO;RS;625;;;;F;1;92012467048709;;;;47.81-4/00;4781;;;47.81-4/00;;R;93800000
008;488;;GRZ NOVO HAMBURGO;CINCO DE ABRIL;;614;RIO BRANCO;RS;69;;;;F;1;92012467048881;;;;47.81-4/00;4781;;;47.81-4/00;;R;93510036
008;489;;PRM ESTRELA;CORONEL MUSSNICH;;566;CENTRO;RS;499;;;;F;1;92012467048962;;;;47.81-4/00;4781;;;47.81-4/00;;R;95880000
008;490;;GRZ MONTENEGRO;RAMIRO BARCELOS;SALA 1;1883;CENTRO;RS;91;;;;F;1;92012467049004;;;;47.81-4/00;4781;;;47.81-4/00;;R;95780000
008;491;;GRZ LAJEADO;CORONEL JOAO BATISTA DE MELLO;;234;CENTRO;RS;125;;;;F;1;92012467049187;;;;47.81-4/00;4781;;;47.81-4/00;;R;95900182
008;492;;GRZ PIRATINI;CERRO ALEGRE;;1;INTERIOR;RS;221;;;;F;1;92012467049268;;;;47.81-4/00;4781;;;47.81-4/00;;EST;96490000
008;493;;PRM PASSO FUNDO;BRASIL LESTE;;1055;PETROPOLIS;RS;1;;;;F;1;92012467049349;;;;47.81-4/00;4781;;;47.81-4/00;;AV;99050073
008;494;;TOT TRIUNFO;LUIZ BARRETO;;519;CENTRO;RS;662;;;;F;1;92012467049420;;;;47.59-8/99;4781;;;47.59-8/99;;R;95840000
008;495;;FRG LAJEADO;ALBERTO TORRES;LOJA 01;517;CENTRO;RS;125;;;;F;1;92012467049500;;;;47.81-4/00;4781;;;47.81-4/00;;R;95900000
008;496;;TOT RIO PARDO;JOAO PESSOA;;750;CENTRO;RS;139;;;;F;1;92012467049691;;;;47.59-8/99;4781;;;47.59-8/99;;R;96640000
008;497;;PRM CORONEL BICACO;PRESIDENTE VARGAS;;1344;CENTRO;RS;505;;;;F;1;92012467049772;;;;47.81-4/00;4781;;;47.81-4/00;;AV;98580000
008;498;;GRZ PASSO FUNDO;PRESIDENTE VARGAS;LOJA 02 E 03;1845;SĂO CRISTÓVĂO;RS;1;;;;F;1;92012467049853;;;;47.81-4/00;4781;;;47.81-4/00;;AV;99070000
008;499;;TOT PASSO FUNDO;PRESIDENTE VARGAS;LOJA 01;1845;SĂO CRISTÓVĂO;RS;1;;;;F;1;92012467049934;;;;47.59-8/99;4781;;;47.59-8/99;;AV;99070000
008;500;;PRM CAXIAS DO SUL;JULIO DE CASTILHOS;;2785;CENTRO;RS;42;;;;F;1;92012467050002;;;;47.81-4/00;4781;;;47.81-4/00;;AV;95010005
008;501;;TOT ERECHIM;TIRADENTES;;308;CENTRO;RS;63;;;;F;1;92012467050193;;;;47.59-8/99;4781;;;47.59-8/99;;AV;99700424
008;502;;GRZ PASSO FUNDO;BRASIL LESTE;E 969;955;PETROPOLIS;RS;1;;;;F;1;92012467050274;;;;47.81-4/00;4781;;;47.81-4/00;;AV;99050073
008;503;;TOT TRES COROAS;MUNDO NOVO;;184;CENTRO;RS;1031;;;;F;1;92012467050355;;;;47.81-4/00;4781;;;47.81-4/00;;R;95660000
008;504;;GRZ CERRO LARGO;DR SEBASTIANY;;226;CENTRO;RS;16;;;;F;1;92012467050436;;;;47.81-4/00;4781;;;47.81-4/00;;R;97900000
008;505;;TOT CERRO LARGO;DR JOAO SEBASTIANY;LOJA 02;226;CENTRO;RS;16;;;;F;1;92012467050517;;;;47.81-4/00;4781;;;47.81-4/00;;R;97900000
008;506;;PRM ROSARIO DO SUL;MARECHAL FLORIANO PEIXOTO;;2260;CENTRO;RS;50;;;;F;1;92012467050606;;;;47.81-4/00;4781;;;47.81-4/00;;R;97590000
008;507;;PRM PIRATINI;MAURICIO CARDOSO;;322;CENTRO;RS;221;;;;F;1;92012467050789;;;;47.81-4/00;4781;;;47.81-4/00;;AV;96490000
008;508;;GRZ MARAU;JULIO BORELLA;LOJA 103;1461;CENTRO;RS;20;;;;F;1;92012467050860;;;;47.81-4/00;4781;;;47.81-4/00;;AV;99150000
008;509;;TOT CARAZINHO;FLORES DA CUNHA;;633;CENTRO;RS;31;;;;F;1;92012467050940;;;;47.59-8/99;4781;;;47.59-8/99;;AV;99500000
008;510;;PRM VACARIA;JULIO DE CASTILHOS;;1593;CENTRO;RS;54;;;;F;1;92012467051084;;;;47.81-4/00;4781;;;47.81-4/00;;R;95200000
008;511;;GRZ HORIZONTINA;URUGUAI;SALA 02;1122;CENTRO;RS;433;;;;F;1;92012467051165;;;;47.81-4/00;4781;;;47.81-4/00;;R;98920000
008;512;;PRM ERECHIM;JOSE OSCAR SALAZAR;;1113;TRES VENDAS;RS;63;;;;F;1;92012467051246;;;;47.81-4/00;4781;;;47.81-4/00;;AV;99713042
008;513;;TOT SANTO CRISTO;DOM PEDRO II;SALA TERREA;2125;CENTRO;RS;35;;;;F;1;92012467051327;;;;47.59-8/99;4781;;;47.59-8/99;;R;98960000
008;514;;PRM PASSO FUNDO;MOACIR DA MOTTA FORTE;SALA 02;06;VERA CRUZ;RS;1;;;;F;1;92012467051408;;;;47.81-4/00;4781;;;47.81-4/00;;AV;99040010
008;515;;TOT PASSO FUNDO;MOACIR DA MOTTA FORTE;;186;VERA CRUZ;RS;1;;;;F;1;92012467051599;;;;47.59-8/99;4781;;;47.59-8/99;;AV;99040010
008;516;;TOT ESTEIO;PRESIDENTE VARGAS;;1698;CENTRO;RS;86;;;;F;1;92012467051670;;;;47.59-8/99;4781;;;47.59-8/99;;AV;93260048
008;517;;PRM DOIS VIZINHOS;28 DE NOVEMBRO;;259;CENTRO;PR;927;;;;F;1;92012467051750;;;;47.81-4/00;4781;;;47.81-4/00;;R;85660000
008;518;;PRM ITAIOPOLIS;GETULIO VARGAS;;227;CENTRO;SC;426;;;;F;1;92012467051831;;;;47.81-4/00;4781;;;47.81-4/00;;AV;89340970
008;519;;TOT MARAU;JULIO BORELA;SALA 01 E 02;1312;CENTRO;RS;20;;;;F;1;92012467051912;;;;47.59-8/99;5232;;;47.59-8/99;;AV;99150970
008;520;;GRZ NONOAI;ROCHA LOIRES;;386;CENTRO;RS;354;;;;F;1;92012467052056;;;;47.81-4/00;4781;;;47.81-4/00;;AV;99600000
008;521;;PRM PINHEIRO MACHADO;NICO DE OLIVEIRA;;595;CENTRO;RS;626;;;;F;1;92012467052137;;;;47.81-4/00;4781;;;47.81-4/00;;R;96470000
008;522;;PRM PASSO FUNDO;SETE DE SETEMBRO;EDIF CULTURA;81;CENTRO;RS;1;;;;F;1;92012467052218;;;;47.81-4/00;4781;;;47.81-4/00;;R;99010121
008;523;;GRZ CARAZINHO;FLORES DA CUNHA;;1421;CENTRO;RS;31;;;;F;1;92012467052307;;;;47.81-4/00;4781;;;47.81-4/00;;AV;99500000
008;524;;GRZ TEUTONIA;TRES DE OUTUBRO;;207;LANGUIRU;RS;1154;;;;F;1;92012467052480;;;;47.81-4/00;4781;;;47.81-4/00;;R;95890000
008;525;;FRG PASSO FUNDO;GENERAL NETTO;LOJA01;383;CENTRO;RS;1;;;;F;1;92012467052560;;;;47.81-4/00;4781;;;47.81-4/00;;AV;99010023
008;526;;FRG SANTA MARIA;DR BOZANO;;1099;CENTRO;RS;2;;;;F;1;92012467052641;;;;47.81-4/00;4781;;;47.81-4/00;;R;97015003
008;527;;PRM ESTRELA;MARECHAL FLORIANO;;226;CENTRO;RS;499;;;;F;1;92012467052722;;;;47.81-4/00;4781;;;47.81-4/00;;R;95880000
008;528;;PRM BARROS CASSAL;MAURICIO CARDOSO;SALA 03;1062;CENTRO;RS;1434;;;;F;1;92012467052803;;;;47.81-4/00;4781;;;47.81-4/00;;AV;99360000
008;529;;GRZ PASSO FUNDO;BRASIL OESTE;LOJA 02;593;CENTRO;RS;1;;;;F;1;92012467052994;;;;47.81-4/00;4781;;;47.81-4/00;;AV;99025001
008;530;;GRZ SANTA MARIA;PREFEITO EVANDRO BEHR;;6997;CAMOBI;RS;2;;;;F;1;92012467053028;;;;47.81-4/00;4781;;;47.81-4/00;;AV;97110800
008;531;;GRZ PALMEIRA DAS MISSOES;INDEPENDENCIA;;1355;CENTRO;RS;6;;;;F;1;92012467053109;;;;47.81-4/00;4781;;;47.81-4/00;;AV;98300000
008;532;;PRM CASCA;TIRADENTES;SALA 101;632;CENTRO;RS;578;;;;F;1;92012467053290;;;;47.81-4/00;4781;;;47.81-4/00;;R;99260000
008;533;;PRM SANTA MARIA;PREFEITO EVANDRO BEHR;;6491;CAMOBI;RS;2;;;;F;1;92012467053370;;;;47.81-4/00;4781;;;47.81-4/00;;AV;97110800
008;534;;TOT LAJEADO;CORONEL FRANCISCO OSCAR KARNAL;SALA 01;235;CENTRO;RS;125;;;;F;1;92012467053451;;;;47.59-8/99;4781;;;47.59-8/99;;R;95900000
008;535;;PRM PALMEIRA DAS MISSOES;INDEPENDENCIA;SALA 02;1030;CENTRO;RS;6;;;;F;1;92012467053532;;;;47.81-4/00;4781;;;47.81-4/00;;AV;98300000
008;536;;GRZ GETULIO VARGAS;DR JOAO CARLOS MACHADO;;275;CENTRO;RS;4;;;;F;1;92012467053613;;;;47.81-4/00;4781;;;47.81-4/00;;R;99900000
008;537;;PRM SANTO ANGELO;SAGRADA FAMILIA;Sala 02;1141;ESPERANCA;RS;3;;;;F;1;92012467053702;;;;47.81-4/00;4781;;;47.81-4/00;;AV;98807345
008;538;;TOT GETULIO VARGAS;JOAO CARLOS MACHADO;;215;CENTRO;RS;4;;;;F;1;92012467053885;;;;47.59-8/99;4781;;;47.59-8/99;;R;99900000
008;539;;PRM BENTO GONCALVES;JULIO DE CASTILHOS;;331;CENTRO;RS;38;;;;F;1;92012467053966;;;;47.81-4/00;4781;;;47.81-4/00;;R;95700070
008;540;;GRZ SOLEDADE;JULIO DE CASTILHOS;;;CENTRO;RS;130;;;;F;1;92012467054008;;;;47.81-4/00;4781;;;47.81-4/00;;AV;99300000
008;541;;GRZ ROSARIO DO SUL;JOAO BRASIL;;1309;CENTRO;RS;50;;;;F;1;92012467054180;;;;47.81-4/00;4781;;;47.81-4/00;;R;97590000
008;542;;PRM PALMITINHO;DUQUE DE CAXIAS;SALA 102;570;CENTRO;RS;492;;;;F;1;92012467054261;;;;47.81-4/00;4781;;;47.81-4/00;;R;98430000
008;543;;PRM GARIBALDI;EMIDIO JACINTO FERREIRA;SALA 02;110;CENTRO;RS;678;;;;F;1;92012467054342;;;;47.81-4/00;4781;;;47.81-4/00;;R;95720000
008;544;;GRZ GARIBALDI;BUARQUE DE MACEDO;;3341;CENTRO;RS;678;;;;F;1;92012467054423;;;;47.81-4/00;4781;;;47.81-4/00;;R;95720000
008;545;;PRM SELBACH;VINTE E CINCO DE JULHO;;590;CENTRO;RS;454;;;;F;1;92012467054504;;;;47.81-4/00;4781;;;47.81-4/00;;AV;99450000
008;546;;PRM RIO GRANDE;GENERAL BACELAR;;254;CENTRO;RS;76;;;;F;1;92012467054695;;;;47.81-4/00;4781;;;47.81-4/00;;R;96200370
008;547;;PRM GUARANI DAS MISSOES;SAO LUIS;;1241;CENTRO;RS;917;;;;F;1;92012467054776;;;;47.81-4/00;4781;;;47.81-4/00;;R;97950000
008;548;;GRZ PANAMBI;SETE DE SETEMBRO;SALA TERREA;200;CENTRO;RS;417;;;;F;1;92012467054857;;;;47.81-4/00;4781;;;47.81-4/00;;R;98280000
008;549;;PASSO FUNDO;VALENTIN GRAZZIOTIN;;177;SĂO CRISTÓVĂO;RS;1;;;;F;1;92012467054938;;;;47.81-4/00;4781;;;47.81-4/00;;R;99060030
008;550;;PRM PLANALTO;DOM PEDRO II;;802;CENTRO;RS;500;;;;F;1;92012467055071;;;;47.81-4/00;4781;;;47.81-4/00;;R;98470000
008;551;;PRM BOA VISTA DO BURICA;SAO JOSE;;1064;CENTRO;RS;223;;;;F;1;92012467055152;;;;47.81-4/00;4781;;;47.81-4/00;;AV;98918000
008;552;;PRM CATUIPE;RIO BRANCO;;752;CENTRO;RS;24;;;;F;1;92012467055233;;;;47.81-4/00;4781;;;47.81-4/00;;AV;98770000
008;553;;PRM BOSSOROCA;CORONEL JOAO LUIZ NASCIMENTO;SALA 1B;490;CENTRO;RS;697;;;;F;1;92012467055314;;;;47.81-4/00;4781;;;47.81-4/00;;R;97850000
008;554;;TOT BAGE;AV SETE SETEMBRO;SL COMERCIAL;765;CENTRO;RS;45;;;;F;1;92012467055403;;;;47.59-8/99;4781;;;47.59-8/99;;R;96400370
008;555;;GRZ CAMAQUA;PRESIDENTE VARGAS;;617;CENTRO;RS;81;;;;F;1;92012467055586;;;;47.81-4/00;4781;;;47.81-4/00;;R;96780072
008;556;;GRZ TAPERA;XV DE NOVEMBRO;;1050;CENTRO;RS;28;;;;F;1;92012467055667;;;;47.81-4/00;4781;;;47.81-4/00;;AV;99490000
008;557;;PRM SALTO DO JACUI;PIO DOZE;SALA 02;1761;CENTRO;RS;584;;;;F;1;92012467055748;;;;47.59-8/99;4781;;;47.59-8/99;;AV;99440000
008;558;;GRZ PIRAI DO SUL;IZIDORO DOIN;SALA 02;178;CENTRO;PR;615;;;;F;1;92012467055829;;;;47.81-4/00;4781;;;47.81-4/00;;R;84240000
008;559;;PRM HERVAL DOESTE;PINHEIRO MACHADO;;71;CENTRO;SC;181;;;;F;1;92012467055900;;;;47.81-4/00;4781;;;47.81-4/00;;TRAV;89610000
008;560;;PRM CUNHA PORA;RUI BARBOSA;SALA 02;202;CENTRO;SC;808;;;;F;1;92012467056043;;;;47.81-4/00;4781;;;47.81-4/00;;R;89890000
008;561;;TOT CANGUCU;JULIO DE CASTILHOS;;1619;CENTRO;RS;388;;;;F;1;92012467056124;;;;47.59-8/99;4781;;;47.59-8/99;;R;96600000
008;562;;PRM CARLOS BARBOSA;RIO BRANCO;LOJA TERREA;88;CENTRO;RS;1471;;;;F;1;92012467056205;;;;47.81-4/00;4781;;;47.81-4/00;;R;95185000
008;563;;GRZ SAO SEBASTIAO DO CAI;PINHEIRO MACHADO;SALA 2A E 3A;777;CENTRO;RS;41;;;;F;1;92012467056396;;;;47.81-4/00;4781;;;47.81-4/00;;R;95760000
008;564;;PRM CORONEL FREITAS;SANTA CATARINA;TERREO;1200;CENTRO;SC;1240;;;;F;1;92012467056477;;;;47.81-4/00;4781;;;47.81-4/00;;AV;89840000
008;565;;GRZ SAO MIGUEL DO OESTE;SANTOS DUMONT;SALA 1;519;CENTRO;SC;145;;;;F;1;92012467056558;;;;47.81-4/00;4781;;;47.81-4/00;;R;89900000
008;566;;GZT PORTO ALEGRE;VOLUNTARIO DA PATRIA;LOJA 170;294;CENTRO;RS;27;;;;F;1;92012467056639;;;;47.81-4/00;4781;;;47.81-4/00;;R;90030001
008;567;;GRZ JAGUARAO;QUINZE DE NOVEMBRO;SL COMERCIAL;249;CENTRO;RS;141;;;;F;1;92012467056710;;;;47.81-4/00;4781;;;47.81-4/00;;R;96300000
008;568;;GRZ RIO PARDO;JOAO PESSOA;LOJA TERREA;751;CENTRO;RS;139;;;;F;1;92012467056809;;;;47.81-4/00;4781;;;47.81-4/00;;R;96640000
008;569;;GRZ FRAIBURGO;PADRE BIAGGIO SIMONETTI;SL COMERCIAL;254;CENTRO;SC;685;;;;F;1;92012467056981;;;;47.81-4/00;4781;;;47.81-4/00;;R;89580000
008;570;;GRZ MARAVILHA;SETE DE SETEMBRO;SALA 1 E 2;4711;CENTRO;SC;362;;;;F;1;92012467057015;;;;47.59-8/99;4781;;;47.59-8/99;;AV;89874000
008;571;;PRM MARMELEIRO;DAMBROS E PIVA;SALA 1;765;CENTRO;PR;1002;;;;F;1;92012467057104;;;;47.81-4/00;4781;;;47.81-4/00;;AV;85614020
008;572;;TOT SAO MIGUEL DO OESTE;SANTOS DUMONT;SALA 01;300;CENTRO;SC;145;;;;F;1;92012467057287;;;;47.59-8/99;4781;;;47.59-8/99;;R;89900000
008;573;;PRM SANTO ANTONIO DO SUDOESTE;BRASIL;;1930;CENTRO;PR;1413;;;;F;1;92012467057368;;;;47.81-4/00;4781;;;47.81-4/00;;AV;85710000
008;574;;PRM VERANOPOLIS;MARECHAL DEODORO DA FONSECA;LOJA 101;270;CENTRO;RS;420;;;;F;1;92012467057449;;;;47.81-4/00;4781;;;47.81-4/00;;R;95330000
008;575;;GRZ CLEVELANDIA;CORONEL FERREIRA BELLO;SL COMERCIAL;22;CENTRO;PR;1123;;;;F;1;92012467057520;;;;47.81-4/00;4781;;;47.81-4/00;;R;85530000
008;576;;PRM SANTA ROSA;FLORES DA CUNHA;;1054;CRUZEIRO;RS;59;;;;F;1;92012467057600;;;;47.81-4/00;4781;;;47.81-4/00;;AV;98789120
008;577;;TOT PINHAO;TRIFON HANYSZ;SL COMERCIAL;194;CENTRO;PR;543;;;;F;1;92012467057791;;;;47.59-8/99;4781;;;47.59-8/99;;AV;85170000
008;578;;PRM CHAPADA;DUQUE DE CAXIAS;;414;CENTRO;RS;609;;;;F;1;92012467057872;;;;47.81-4/00;4781;;;47.81-4/00;;R;99530000
008;579;;PRM VERA CRUZ;THOMAZ GONZAGA;;592;CENTRO;RS;85;;;;F;1;92012467057953;;;;47.81-4/00;4781;;;47.81-4/00;;R;96880000
008;580;;GZT SANTA ROSA;OLAVO BILAC;;061;CENTRO;RS;59;;;;F;1;92012467058097;;;;47.81-4/00;4781;;;47.81-4/00;;R;98780711
008;581;;PRM PASSO FUNDO;BRASIL OESTE;;2141;BOQUEIRĂO;RS;1;;;;F;1;92012467058178;;;;47.81-4/00;4781;;;47.81-4/00;;AV;99025503
008;582;;PRM SANTA MARIA;MARANHAO;LOJA 02;215;PINHEIRO MACHADO;RS;2;;;;F;1;92012467058259;;;;47.81-4/00;4781;;;47.81-4/00;;R;97030350
008;584;;FRG PASSO FUNDO;GENERAL NETO;;183;CENTRO;RS;1;;;;F;1;92012467058410;;;;47.81-4/00;4781;;;47.81-4/00;;R;99010022
008;585;;PRM TUPARENDI;JOAO BRANDELERO;;14;CENTRO;RS;405;;;;F;1;92012467058500;;;;47.81-4/00;4781;;;47.81-4/00;;R;98940000
008;587;;PRM ARROIO DO TIGRE;25 DE JULHO;;263;CENTRO;RS;11;;;;F;1;92012467058763;;;;47.81-4/00;4781;;;47.81-4/00;;R;96950000
008;588;;PRM PORTO UNIAO;SETE DE SETEMBRO;;163;CENTRO;SC;169;;;;F;1;92012467058844;;;;47.81-4/00;4781;;;47.81-4/00;;R;89400000
008;590;;TOT GUAPORE;JULIO CAMPOS;;477;CENTRO;RS;490;;;;F;1;92012467059069;;;;47.81-4/00;4781;;;47.81-4/00;;R;99200000
008;592;;GRZ PASSO FUNDO;PRESIDENTE VARGAS;;1094;SĂO CRISTÓVĂO;RS;1;;;;F;1;92012467059220;;;;47.81-4/00;4781;;;47.81-4/00;;AV;99070000
008;593;;PRM FONTOURA XAVIER;TIRADENTES;;166;CENTRO;RS;693;;;;F;1;92012467059301;;;;47.81-4/00;4781;;;47.81-4/00;;R;99370000
008;595;;PRM CHAPECO;MARECHAL DEODORO DA FONSECA;;153;CENTRO;SC;47;;;;F;1;92012467059573;;;;47.81-4/00;4781;;;47.81-4/00;;R;89802140
008;596;;PRM IJUI;14 DE JULHO;SL 01;59;CENTRO;RS;10;;;;F;1;92012467059654;;;;47.81-4/00;4781;;;47.81-4/00;;R;98700000
008;597;;GRZ CAXIAS DO SUL;PINHEIRO MACHADO;SALA A;1811;CENTRO;RS;42;;;;F;1;92012467059735;;;;47.81-4/00;4781;;;47.81-4/00;;R;95020171
008;601;;PRM SANTA MARIA;BORGES DE MEDEIROS;;990;NOSSA SENHORA DO ROSARIO;RS;2;;;;F;1;92012467060156;;;;47.81-4/00;4781;;;47.81-4/00;;R;97010080
008;602;;GRZ NAO ME TOQUE;ALTO JACUI;SALA 101;784;CENTRO;RS;538;;;;F;1;92012467060237;;;;47.81-4/00;4781;;;47.81-4/00;;AV;99470000
008;603;;PRM ENTRE IJUIS;INTEGRACAO;;406;CENTRO;RS;1429;;;;F;1;92012467060318;;;;47.81-4/00;4781;;;47.81-4/00;;R;98855000
008;604;;PRM SAO PAULO DAS MISSOES;INDEPENDENCIA;;430;CENTRO;RS;267;;;;F;1;92012467060407;;;;47.81-4/00;4781;;;47.81-4/00;;R;97980000
008;605;;PRM ALEGRETE;ASSIS BRASIL;;684;CENTRO;RS;57;;;;F;1;92012467060580;;;;47.81-4/00;4781;;;47.81-4/00;;AV;97543000
008;606;;GRZ GUARAPUAVA;GUAIRA;;3562;CENTRO;PR;77;;;;F;1;92012467060660;;;;47.81-4/00;4781;;;47.81-4/00;;R;85010010
008;607;;FRG PONTA GROSSA;VICENTE MACHADO;;142;CENTRO;PR;30;;;;F;1;92012467060741;;;;47.81-4/00;4781;;;47.81-4/00;;R;84010000
008;610;;PRM IBIRAIARAS;AUGUSTO POMATTI;;360;CENTRO;RS;598;;;;F;1;92012467061047;;;;47.81-4/00;4781;;;47.81-4/00;;R;95305000
008;611;;TOT ESPUMOSO;PRESIDENTE VARGAS;;94;CENTRO;RS;13;;;;F;1;92012467061128;;;;47.81-4/00;4781;;;47.81-4/00;;R;99400000
008;613;;PRM TRES DE MAIO;SANTA ROSA;;690;CENTRO;RS;90;;;;F;1;92012467061390;;;;47.81-4/00;4781;;;47.81-4/00;;R;98910000
008;615;;GRZ PELOTAS;MARECHAL FLORIANO;;05;CENTRO;RS;61;;;;F;1;92012467061551;;;;47.81-4/00;4781;;;47.81-4/00;;R;96015440
008;616;;GRZ SARANDI;ARMINIO DA SILVA;;1378;CENTRO;RS;495;;;;F;1;92012467061632;;;;47.81-4/00;4781;;;47.81-4/00;;R;99560000
008;617;;TOT SARANDI;ARMINIO DA SILVA;;1378;CENTRO;RS;495;;;;F;1;92012467061713;;;;47.81-4/00;4781;;;47.81-4/00;;R;99560000
008;618;;PRM GAURAMA;JOAO AMANDIO SPERB;SL 01;279;CENTRO;RS;370;;;;F;1;92012467061802;;;;47.81-4/00;4781;;;47.81-4/00;;R;99830000
008;619;;GRZ SAO JOAQUIM;MANOEL JOAQUIM PINTO;;100;CENTRO;SC;815;;;;F;1;92012467061985;;;;47.81-4/00;4781;;;47.81-4/00;;R;88600000
008;620;;GRZ SAO GABRIEL;CORONEL SOARES;;432;CENTRO;RS;22;;;;F;1;92012467062019;;;;47.81-4/00;4781;;;47.81-4/00;;R;97300228
008;621;;PRM SERTAO;BRASIL;;1175;CENTRO;RS;7;;;;F;1;92012467062108;;;;47.81-4/00;4781;;;47.81-4/00;;AV;99170000
008;622;;PRM POUSO REDONDO;VINTE E TRES DE JULHO;SL COMERCIAL;76;CENTRO;SC;874;;;;F;1;92012467062280;;;;47.81-4/00;4781;;;47.81-4/00;;R;89172000
008;623;;GRZ OSORIO;MACHADO DE ASSIS;;355;CENTRO;RS;1231;;;;F;1;92012467062361;;;;47.81-4/00;4781;;;47.81-4/00;;R;95520000
008;624;;PRM CAMPOS NOVOS;EXPEDICIONARIO JOAO BATISTA DE ALMEIDA;;205;CENTRO;SC;96;;;;F;1;92012467062442;;;;47.81-4/00;4781;;;47.81-4/00;;R;89620000
008;625;;PRM SIDEROPOLIS;TREVISO;;218;CENTRO;SC;197;;;;F;1;92012467062523;;;;47.81-4/00;4781;;;47.81-4/00;;R;88860000
008;626;;PRM MARAU;DUQUE DE CAXIAS;;202;CENTRO;RS;20;;;;F;1;92012467062604;;;;47.81-4/00;4781;;;47.81-4/00;;R;99150000
008;627;;PRM ALECRIM;VEREADOR ADELMI COLOSSI;;310;CENTRO;RS;485;;;;F;1;92012467062795;;;;47.81-4/00;4781;;;47.81-4/00;;R;98950000
008;631;;GRZ SAO LEOPOLDO;INDEPENDENCIA;;290;CENTRO;RS;52;;;;F;1;92012467063171;;;;47.81-4/00;4781;;;47.81-4/00;;AV;93010001
008;632;;GRZ SANTA VITORIA DO PALMAR;BARĂO DO RIO BRANCO;;673;CENTRO;RS;1191;;;;F;1;92012467063252;;;;47.81-4/00;4781;;;47.81-4/00;;R;96230000
008;633;;GRZ SAO MATEUS DO SUL;DOM PEDRO II;;556;CENTRO;PR;1273;;;;F;1;92012467063333;;;;47.81-4/00;4781;;;47.81-4/00;;R;83900000
008;634;;GRZ ABELARDO LUZ;GETULIO VARGAS;;871;CENTRO;SC;443;;;;F;1;92012467063414;;;;47.81-4/00;4781;;;47.81-4/00;;AV;89830000
008;635;;GRZ SANTO ANGELO;MARECHAL FLORIANO;;1400;CENTRO;RS;3;;;;F;1;92012467063503;;;;47.81-4/00;4781;;;47.81-4/00;;R;98801650
008;636;;GRZ CHARQUEADAS;BENTO GONCALVES;;701;CENTRO;RS;1139;;;;F;1;92012467063686;;;;47.81-4/00;4781;;;47.81-4/00;;AV;96745000
008;639;;TOT SOLEDADE;JULIO DE CASTILHOS;;926;CENTRO;RS;130;;;;F;1;92012467063929;;;;47.81-4/00;4781;;;47.81-4/00;;AV;99300000
008;640;;PRM PLANALTO;SOLEDADE;;1246;CENTRO;PR;1082;;;;F;1;92012467064062;;;;47.81-4/00;4781;;;47.81-4/00;;R;85750000
008;641;;PRM CARAZINHO;FLORES DA CUNHA;SL 102/204;2151;CENTRO;RS;31;;;;F;1;92012467064143;;;;47.81-4/00;4781;;;47.81-4/00;;AV;99500000
008;643;;GRZ PATO BRANCO;TUPI;;2166;CENTRO;PR;73;;;;F;1;92012467064305;;;;47.81-4/00;4781;;;47.81-4/00;;R;85501063
008;644;;PRM PALMEIRA DAS MISSOES;INDEPENDENCIA;;815;CENTRO;RS;6;;;;F;1;92012467064496;;;;47.81-4/00;4781;;;47.81-4/00;;AV;98300000
008;645;;PRM TRES PASSOS;AV. JULIO DE CASTILHOS;;1229;CENTRO;RS;72;;;;F;1;92012467064577;;;;47.81-4/00;4781;;;47.81-4/00;;R;98600000
008;646;;PRM CACHOEIRA DO SUL;JULIO DE CASTILHOS;SALA 02;520;CENTRO;RS;39;;;;F;1;92012467064658;;;;47.81-4/00;4781;;;47.81-4/00;;R;96501001
008;647;;GRZ CURITIBANOS;SALOMAO CARNEIRO DE ALMEIDA;;635;CENTRO;SC;74;;;;F;1;92012467064739;;;;47.81-4/00;4781;;;47.81-4/00;;AV;89520000
008;648;;PRM SAO LEOPOLDO;INDEPENDENCIA;;290;CENTRO;RS;52;;;;F;1;92012467064810;;;;47.59-8/99;4781;;;47.59-8/99;;AV;93010001
008;649;;PRM SANTA ROSA;AMERICA;;139;CENTRO;RS;59;;;;F;1;92012467064909;;;;47.81-4/00;4781;;;47.81-4/00;;AV;98780732
008;650;;PRM GIRUA;BENTO GONÇALVES;;247;CENTRO;RS;437;;;;F;1;92012467065034;;;;47.81-4/00;4781;;;47.81-4/00;;R;98870000
008;651;;GRZ CAXIAS DO SUL;JULIO DE CASTILHOS;;2785;CINQUENTENARIO;RS;42;;;;F;1;92012467065115;;;;47.81-4/00;4781;;;47.81-4/00;;AV;95013215
008;652;;GRZ GIRUA;FRANCISCO LEOPOLDO UHRY;;230;CENTRO;RS;437;;;;F;1;92012467065204;;;;47.81-4/00;4781;;;47.81-4/00;;R;98870000
008;653;;PRM PINHAO;TRIFON HANYSZ;;194;CENTRO;PR;543;;;;F;1;92012467065387;;;;47.81-4/00;4781;;;47.81-4/00;;AV;85170023
008;654;;PRM CONCORDIA;ORESTES FARINA;SL COMERCIAL;205;CENTRO;SC;46;;;;F;1;92012467065468;;;;47.81-4/00;4781;;;47.81-4/00;;R;89700071
008;655;;GRZ PASSO FUNDO;BRASIL LESTE;SL COMERCIAL;1065;PETROPOLIS;RS;1;;;;F;1;92012467065549;;;;47.81-4/00;4781;;;47.81-4/00;;AV;99050073
008;656;;PRM CACAPAVA DO SUL;SETE DE SETEMBRO;SALA COMERCIAL;934;CENTRO;RS;136;;;;F;1;92012467065620;;;;47.81-4/00;4781;;;47.81-4/00;;R;96570000
008;657;;PRM MORRO DA FUMACA;URUSSANGA;;10;CENTRO;SC;658;;;;F;1;92012467065700;;;;47.81-4/00;4781;;;47.81-4/00;;R;88837000
008;658;;PRM MATELANDIA;PARANA;;722;CENTRO;PR;1116;;;;F;1;92012467065891;;;;47.81-4/00;4781;;;47.81-4/00;;AV;85887000
008;659;;PRM SAO MIGUEL DO IGUACU;DUQUE DE CAXIAS;SL COMERCIAL;950;CENTRO;PR;1127;;;;F;1;92012467065972;;;;47.81-4/00;4781;;;47.81-4/00;;R;85877000
008;660;;GRZ URUGUAIANA;DUQUE DE CAXIAS;;1530;CENTRO;RS;99;;;;F;1;92012467066006;;;;47.81-4/00;4781;;;47.81-4/00;;R;97501584
008;661;;GRZ ITAQUI;DAVID CANABARRO;;1200;CENTRO;RS;144;;;;F;1;92012467066197;;;;47.81-4/00;4781;;;47.81-4/00;;R;97650000
008;662;;GRZ TRES DE MAIO;RUA SENADOR ALBERTO PASQUALINE;;230;CENTRO;RS;90;;;;F;1;92012467066278;;;;47.81-4/00;4781;;;47.81-4/00;;R;98910000
008;663;;PRM TOLEDO;AV MARIPA;LOJA 01- 1 PAV.;5018;CENTRO;PR;64;;;;F;1;92012467066359;;;;47.81-4/00;4781;;;47.81-4/00;;AV;85901000
008;664;;PRM GRAVATAI;DORIVAL CANDIDO LUZ DE OLIVEIRA;;5206;CENTRO;RS;12;;;;F;1;92012467066430;;;;47.81-4/00;4781;;;47.81-4/00;;AV;94030001
008;665;;PRM LAURO MULLER;WALTER VETERLI;SL 02;80;CENTRO;SC;813;;;;F;1;92012467066510;;;;47.81-4/00;4781;;;47.81-4/00;;R;88880000
008;666;;PRM NOVA SANTA ROSA;AV. SANTO CRISTO;;881;NOVA SANTA ROSA;PR;1763;;;;F;1;92012467066600;;;;47.81-4/00;4781;;;47.81-4/00;;AV;85930500
008;667;;PRM CASCAVEL;SETE DE SETEMBRO;SL COMERCIAL;2829;CENTRO;PR;108;;;;F;1;92012467066782;;;;47.81-4/00;4781;;;47.81-4/00;;R;85801140
008;668;;PRM BAGE;GENERAL SAMPAIO;SALA 03;150;CENTRO;RS;45;;;;F;1;92012467066863;;;;47.81-4/00;4781;;;47.81-4/00;;R;96400370
008;7002;;GZT CACHOEIRINHA;FLORES DA CUNHA;;984;CENTRO;RS;87;;;;F;1;92012467000250;;;;47.81-4/00;5232;;;47.81-4/00;;AV;94910001
008;7005;;GZT CARAZINHO;FLORES DA CUNHA;;2299;CENTRO;RS;31;;;;F;1;92012467000501;;;;47.81-4/00;5232;;;47.81-4/00;;AV;99500000
008;7007;;GZT CRUZ ALTA;VENANCIO AYRES;;1301;CENTRO;RS;40;;;;F;1;92012467000765;;;;47.81-4/00;5232;;;47.81-4/00;;R;98005096
008;7008;;GZT PALMEIRA DAS MISSOES;INDEPENDENCIA;SL 2;1040;CENTRO;RS;6;;;;F;1;92012467000846;;;;47.59-8/99;4781;;;47.59-8/99;;AV;98300000
008;7009;;GZT IJUI;ERNESTO ALVES;;173;CENTRO;RS;10;;;;F;1;92012467000927;;;;47.81-4/00;5232;;;47.81-4/00;;R;98700000
008;7015;;GZT SANTO ANGELO;MARECHAL FLORIANO PEIXOTO;;1387;CENTRO;RS;3;;;;F;1;92012467001575;;;;47.81-4/00;5232;;;47.81-4/00;;R;98801650
008;7020;;GZT FREDERICO WESTPHALEN;ARTHUR MILANI;;650;CENTRO;RS;48;;;;F;1;92012467002032;;;;47.81-4/00;5232;;;47.81-4/00;;R;98400000
008;7022;;GZT CANOAS;QUINZE DE JANEIRO;;481;CENTRO;RS;62;;;;F;1;92012467002202;;;;47.81-4/00;5232;;;47.81-4/00;;R;92010300
008;7024;;GZT TRES PASSOS;BENTO GONCALVES;;411;CENTRO;RS;72;;;;F;1;92012467002466;;;;47.81-4/00;5232;;;47.81-4/00;;R;98600000
008;7032;;GZT GUAPORE;DOUTOR LUIS AUGUSTO PUPERI;;740;CENTRO;RS;490;;;;F;1;92012467003276;;;;47.81-4/00;5232;;;47.81-4/00;;R;99200000
008;7032;;GZT GUAPORE;ASTROGILDO GERONIMO CAMILO;;740;CENTRO;RS;490;;;;F;1;92012467003276;;;;47.81-4/00;5232;;;47.81-4/00;;R;99200000
008;7037;;GZT SAO BORJA;GENERAL MARQUES;SL 101;969;CENTRO;RS;44;;;;F;1;92012467003780;;;;47.81-4/00;5232;;;47.81-4/00;;R;97670000
008;7038;;GZT BAGE;BENTO GONCALVES;;361;CENTRO;RS;45;;;;F;1;92012467003861;;;;47.59-8/99;5232;;;47.59-8/99;;R;96400201
008;7041;;GZT ESTEIO;PRESIDENTE VARGAS;SALA 102;1698;CENTRO;RS;86;;;;F;1;92012467004167;;;;47.81-4/00;5232;;;47.81-4/00;;AV;93260048
008;7044;;GZT PASSO FUNDO;PRESIDENTE VARGAS;;20;CENTRO;RS;1;;;;F;1;92012467004400;;;;47.81-4/00;5232;;;47.81-4/00;;AV;99070000
008;7046;;GZT RIO GRANDE;GENERAL BACELAR;;265;CENTRO;RS;76;;;;F;1;92012467004671;;;;47.81-4/00;5232;;;47.81-4/00;;R;96200370
008;7047;;GZT LAGES;CORREA PINTO;;180;CENTRO;SC;33;;;;F;1;92012467004752;;;;47.81-4/00;5232;;;47.81-4/00;;R;88502200
008;7050;;GZT SANTA ROSA;JULIO RAUBER;;127;CENTRO;RS;59;;;;F;1;92012467005058;;;;47.59-8/99;5232;;;47.59-8/99;;R;98780331
008;7051;;GZT GIRUA;FRANCISCO LEOPOLDO UHRY;;230;CENTRO;RS;437;;;;F;1;92012467005139;;;;47.81-4/00;5232;;;47.81-4/00;;R;98870000
008;7059;;GZT CACHOEIRA DO SUL;JULIO DE CASTILHOS;;520;CENTRO;RS;39;;;;F;1;92012467005996;;;;47.59-8/99;5232;;;47.59-8/99;;AV;96501000
008;7065;;GZT PAROBE;CORONEL JOAO CORREA;;127;CENTRO;RS;790;;;;F;1;92012467006534;;;;47.81-4/00;5232;;;47.81-4/00;;R;95630000
008;7066;;GZT CONCORDIA;ORESTES FARINA;;205;CENTRO;SC;46;;;;F;1;92012467006615;;;;47.59-8/99;5232;;;47.59-8/99;;R;89700071
008;7083;;GZT SANTA MARIA;NOSSA SRA DE MEDIANEIRA;;1055;CENTRO;RS;2;;;;F;1;92012467008316;;;;47.59-8/99;5232;;;47.59-8/99;;AV;97060003
008;7084;;GZT BENTO GONCALVES;OSVALDO ARANHA;;288;CENTRO;RS;38;;;;F;1;92012467008405;;;;47.59-8/99;5232;;;47.59-8/99;;AV;95707022
008;7092;;GZT VACARIA;JULIO DE CASTILHOS;;1176;CENTRO;RS;54;;;;F;1;92012467009207;;;;47.59-8/99;5232;;;47.59-8/99;;AV;95200040
008;7093;;GZT SAO LEOPOLDO;INDEPENDENCIA;;905;CENTRO;RS;52;;;;F;1;92012467009398;;;;47.81-4/00;5232;;;47.81-4/00;;AV;93010003
008;7099;;GZT LAGES;LUIZ DE CAMOES;;683;CORAL;RS;154;;;;F;1;92012467009983;;;;47.59-8/99;5232;;;47.59-8/99;;AV;88523000
008;7108;;GZT SANTIAGO;GETULIO VARGAS;;1395;CENTRO;RS;66;;;;F;1;92012467010809;;;;47.59-8/99;5232;;;47.59-8/99;;AV;97700065
008;7112;;GZT IJUI;RUA DO COMERCIO;;33;CENTRO;RS;10;;;;F;1;92012467011295;;;;47.59-8/99;5232;;;47.59-8/99;;R;98700000
008;7133;;GZT CURITIBANOS;ROTARY;;308;CENTRO;SC;74;;;;F;1;92012467013310;;;;47.59-8/99;5232;;;47.59-8/99;;R;89520000
008;7138;;GZT RIO GRANDE;VINTE E QUATRO DE MAIO;;326;CENTRO;RS;76;;;;F;1;92012467013824;;;;47.81-4/00;5232;;;47.81-4/00;;R;96200003
008;7140;;GZT UNIAO DA VITORIA;DR CRUZ MACHADO;;152;CENTRO;PR;71;;;;F;1;92012467014049;;;;47.81-4/00;5232;;;47.81-4/00;;R;84600175
008;7145;;GZT URUGUAIANA;DUQUE DE CAXIAS;;1530;CENTRO;RS;99;;;;F;1;92012467014553;;;;47.81-4/00;5232;;;47.81-4/00;;AV;97501584
008;7173;;GZT PORTO ALEGRE;PROTASIO ALVES;;5735;PETROPOLIS;RS;27;;;;F;1;92012467017307;;;;47.59-8/99;5232;;;47.59-8/99;;AV;91310003
008;7183;;GZT ALEGRETE;DOS ANDRADAS;;617;CENTRO;RS;57;;;;F;1;92012467018389;;;;47.81-4/00;5232;;;47.81-4/00;;R;97541001
008;7193;;GZT DOM PEDRITO;MOREIRA CEZAR;;917;CENTRO;RS;132;;;;F;1;92012467019350;;;;47.59-8/99;5232;;;47.59-8/99;;R;96450000
008;7233;;GZT URUGUAIANA;GENERAL FLORES DA CUNHA;;2035;CENTRO;RS;99;;;;F;1;92012467023382;;;;47.59-8/99;5232;;;47.59-8/99;;R;97502365
008;7244;;GZT SOLEDADE;JULIO DE CASTILHOS;;1092;CENTRO;RS;130;;;;F;1;92012467024435;;;;47.81-4/00;5232;;;47.81-4/00;;AV;99300000
008;7268;;GZT SANTA CRUZ DO SUL;MARECHAL FLORIANO;;925;CENTRO;RS;9;;;;F;1;92012467026802;;;;47.81-4/00;5232;;;47.81-4/00;;R;96810052
008;7314;;GZT TRES DE MAIO;SENADOR ALBERTO PASQUALINE;;230;CENTRO;RS;90;;;;F;1;92012467031482;;;;47.81-4/00;5232;;;47.81-4/00;;AV;98910000
008;7353;;GZT PRUDENTOPOLIS;PRUDENTE DE MORAES;;489;CENTRO;PR;1200;;;;F;1;92012467035399;;;;47.81-4/00;5232;;;47.81-4/00;;R;84400000
008;7386;;GZT IGREJINHA;AV PRESIDENTE CASTELO BRANCO;;476;CENTRO;RS;1111;;;;F;1;92012467038657;;;;47.81-4/00;4781;;;47.81-4/00;;AV;95650000
008;7390;;GZT VIAMAO;REVERENDO AMERICO VESPUCIO CABRAL;;368;CENTRO;RS;60;;;;F;1;92012467039033;;;;47.81-4/00;4781;;;47.81-4/00;;AV;94410300
008;7405;;GZT ITAQUI;DAVI CANABARRO;;1200;CENTRO;RS;144;;;;F;1;92012467040554;;;;47.81-4/00;4781;;;47.81-4/00;;R;97650000
008;7406;;GZT SAO FRANCISCO DE ASSIS;TREZE DE JANEIRO;;1249;CENTRO;RS;895;;;;F;1;92012467040635;;;;47.59-8/99;4781;;;47.59-8/99;;R;97610000
008;7412;;GZT SAO LEOPOLDO;PAROBE;;450;SCHARLAU;RS;52;;;;F;1;92012467041283;;;;47.81-4/00;4781;;;47.81-4/00;;AV;93125000
008;7415;;GZT CACAPAVA DO SUL;XV DE NOVEMBRO;;539;CENTRO;RS;136;;;;F;1;92012467041526;;;;47.81-4/00;4781;;;47.81-4/00;;R;96570970
008;7430;;GZT SANTANA DO LIVRAMENTO;DOS ANDRADAS;;395;CENTRO;RS;53;;;;F;1;92012467043065;;;;47.81-4/00;4781;;;47.81-4/00;;R;97573565
008;7437;;GZT SAO LUIZ GONZAGA;SENADOR PINHEIRO MACHADO;;2465;CENTRO;RS;79;;;;F;1;92012467043731;;;;47.81-4/00;4781;;;47.81-4/00;;AV;97800000
008;7438;;GZT IBIRUBA;SETE DE SETEMBRO;;1122;CENTRO;RS;478;;;;F;1;92012467043812;;;;47.81-4/00;4781;;;47.81-4/00;;R;98200970
008;7442;;GZT FAXINAL DO SOTURNO;VICENTE PIGATTO;;950;CENTRO;RS;1073;;;;F;1;92012467044207;;;;47.81-4/00;4781;;;47.81-4/00;;AV;97220970
008;7446;;GZT JULIO DE CASTILHOS;BARAO DO RIO BRANCO;;122;CENTRO;RS;368;;;;F;1;92012467044622;;;;47.59-8/99;4781;;;47.59-8/99;;R;98130000
008;7461;;GZT VENANCIO AIRES;OSVALDO ARANHA;;1685;CENTRO;RS;123;;;;F;1;92012467046161;;;;47.81-4/00;4781;;;47.81-4/00;;R;95800000
008;7466;;GZT AGUDO;CONCORDIA;;624;CENTRO;RS;811;;;;F;1;92012467046676;;;;47.81-4/00;4781;;;47.81-4/00;;AV;96540000
008;7471;;GZT ESPUMOSO;ANGELO MACALOS;;366;CENTRO;RS;13;;;;F;1;92012467047133;;;;47.81-4/00;4781;;;47.81-4/00;;AV;99400000
008;7478;;GZT TUPANCIRETA;VAZ FERREIRA;;1346;CENTRO;RS;338;;;;F;1;92012467047800;;;;47.81-4/00;4781;;;47.81-4/00;;AV;98170970
008;7485;;GZT CACADOR;BARAO DO RIO BRANCO;;875;CENTRO;SC;93;;;;F;1;92012467048539;;;;47.81-4/00;4781;;;47.81-4/00;;AV;89500019
008;7488;;GZT NOVO HAMBURGO;CINCO DE ABRIL;;614;RIO BRANCO;RS;69;;;;F;1;92012467048881;;;;47.81-4/00;4781;;;47.81-4/00;;R;93510036
008;7491;;GZT LAJEADO;CORONEL JOAO BATISTA DE MELLO;;234;CENTRO;RS;125;;;;F;1;92012467049187;;;;47.81-4/00;4781;;;47.81-4/00;;R;95900182
008;7493;;GZT PASSO FUNDO;BRASIL LESTE;;1055;PETROPOLIS;RS;1;;;;F;1;92012467049349;;;;47.81-4/00;4781;;;47.81-4/00;;AV;99050073
008;7500;;GZT CAXIAS DO SUL;JULIO DE CASTILHOS;;2785;CENTRO;RS;42;;;;F;1;92012467050002;;;;47.81-4/00;4781;;;47.81-4/00;;AV;95010005
008;7504;;GZT CERRO LARGO;DR JOAO SEBASTIANY;;226;CENTRO;RS;16;;;;F;1;92012467050436;;;;47.81-4/00;4781;;;47.81-4/00;;R;97900000
008;7524;;GZT TEUTONIA;TRES DE OUTUBRO;;207;LANGUIRU;RS;1154;;;;F;1;92012467052480;;;;47.81-4/00;4781;;;47.81-4/00;;R;95890000
008;7536;;GZT GETULIO VARGAS;DR JOAO CARLOS MACHADO;;275;CENTRO;RS;4;;;;F;1;92012467053613;;;;47.81-4/00;4781;;;47.81-4/00;;R;99900000
008;7540;;GZT SOLEDADE;MARECHAL FLORIANO PEIXOTO;;1048;CENTRO;RS;130;;;;F;1;92012467054008;;;;47.81-4/00;4781;;;47.81-4/00;;AV;99300000
008;7541;;GZT ROSARIO DO SUL;JOAO BRASIL;;1309;CENTRO;RS;50;;;;F;1;92012467054180;;;;47.81-4/00;4781;;;47.81-4/00;;R;97590000
008;7543;;GZT GARIBALDI;EMIDIO JACINTO FERREIRA;SALA 02;110;CENTRO;RS;678;;;;F;1;92012467054342;;;;47.81-4/00;4781;;;47.81-4/00;;R;95720000
008;7548;;GZT PANAMBI;SETE DE SETEMBRO;;200;CENTRO;RS;417;;;;F;1;92012467054857;;;;47.81-4/00;4781;;;47.81-4/00;;R;98280000
008;7555;;GZT CAMAQUA;PRESIDENTE VARGAS;;617;CENTRO;RS;81;;;;F;1;92012467055586;;;;47.81-4/00;4781;;;47.81-4/00;;R;96780046
008;7563;;GZT SAO SEBASTIAO DO CAI;SENADOR PINHEIRO MACHADO;;777;CENTRO;RS;41;;;;F;1;92012467056396;;;;47.81-4/00;4781;;;47.81-4/00;;R;95760000
008;7565;;GZT SAO MIGUEL DO OESTE;SANTOS DUMONT;SALA 1;519;CENTRO;SC;145;;;;F;1;92012467056558;;;;47.81-4/00;4781;;;47.81-4/00;;R;89900000
008;7568;;GZT RIO PARDO;JOAO PESSOA;;751;CENTRO;RS;139;;;;F;1;92012467056809;;;;47.81-4/00;4781;;;47.81-4/00;;R;96640000
008;7569;;GZT FRAIBURGO;PADRE BIAGGIO SIMONETTI;;254;CENTRO;SC;685;;;;F;1;92012467056981;;;;47.81-4/00;4781;;;47.81-4/00;;R;89580000
008;7570;;GZT MARAVILHA;SETE DE SETEMBRO;;486;CENTRO;SC;362;;;;F;1;92012467057015;;;;47.59-8/99;4781;;;47.59-8/99;;AV;89874000
008;7577;;GZT PINHAO;TRIFON HANYSZ;;194;CENTRO;PR;543;;;;F;1;92012467057791;;;;47.81-4/00;4781;;;47.81-4/00;;AV;85170000
008;7582;;GZT SANTA MARIA;MARANHAO;LOJA 02;215;PINHEIRO MACHADO;RS;2;;;;F;1;92012467058259;;;;47.81-4/00;4781;;;47.81-4/00;;R;97030350
008;7586;;GZT RESTINGA SECA;JULIO DE CASTILHOS;;615;CENTRO;RS;1003;;;;F;1;92012467058682;;;;47.81-4/00;4781;;;47.81-4/00;;AV;97200000
008;7587;;GZT ARROIO DO TIGRE;25 DE JULHO;;263;CENTRO;RS;11;;;;F;1;92012467058763;;;;47.81-4/00;4781;;;47.81-4/00;;R;96950000
008;7588;;GZT PORTO UNIAO;SETE DE SETEMBRO;;163;CENTRO;SC;169;;;;F;1;92012467058844;;;;47.81-4/00;4781;;;47.81-4/00;;R;89400000
008;7589;;GZT NOVO HAMBURGO;JOAQUIM NABUCO;;182;CENTRO;RS;69;;;;F;1;92012467058925;;;;47.81-4/00;4781;;;47.81-4/00;;R;93310001
008;7591;;GZT ESTRELA;CORONEL MUSSNICH;;10;CENTRO;RS;499;;;;F;1;92012467059140;;;;47.81-4/00;4781;;;47.81-4/00;;R;95880000
008;7592;;GZT PASSO FUNDO;PRESIDENTE VARGAS;;1094;SĂO CRISTÓVĂO;RS;1;;;;F;1;92012467059220;;;;47.81-4/00;4781;;;47.81-4/00;;AV;99070000
008;7594;;GZT SANTA MARIA;PREFEITO EVANDRO BEHR;;6755;CAMOBI;RS;2;;;;F;1;92012467059492;;;;47.81-4/00;4781;;;47.81-4/00;;AV;97110800
008;7597;;GZT CAXIAS DO SUL;PINHEIRO MACHADO;SALA A;1811;CENTRO;RS;42;;;;F;1;92012467059735;;;;47.81-4/00;4781;;;47.81-4/00;;R;95020171
008;7598;;GZT GUARAPUAVA;SALDANHA MARINHO;;1489;CENTRO;PR;77;;;;F;1;92012467059816;;;;47.81-4/00;4781;;;47.81-4/00;;R;85010290
008;7599;;GZT PONTA GROSSA;VISCONDE DE MAUA;;1601;OFICINAS;PR;30;;;;F;1;92012467059905;;;;47.81-4/00;4781;;;47.81-4/00;;AV;84045100
008;7601;;GZT SANTA MARIA;BORGES DE MEDEIROS;;990;NOSSA SENHORA DO ROSARIO;RS;2;;;;F;1;92012467060156;;;;47.81-4/00;4781;;;47.81-4/00;;R;97010080
008;7602;;GZT NAO ME TOQUE;ALTO JACUI;SALA 101;784;CENTRO;RS;538;;;;F;1;92012467060237;;;;47.81-4/00;4781;;;47.81-4/00;;AV;99470000
008;7608;;GZT LAGES;CORONEL CORDOVA;;234;CENTRO;SC;33;;;;F;1;92012467060822;;;;47.81-4/00;4781;;;47.81-4/00;;R;88502000
008;7609;;GZT PONTA GROSSA;CORONEL CLAUDIO;SL TERREA;16;CENTRO;PR;30;;;;F;1;92012467060903;;;;47.81-4/00;4781;;;47.81-4/00;;R;84010120
008;7612;;GZT LAGOA VERMELHA;SETE DE SETEMBRO;;672;CENTRO;RS;19;;;;F;1;92012467061209;;;;47.81-4/00;4781;;;47.81-4/00;;R;95300000
008;7614;;GZT CONCORDIA;DR MARURI;SALA TERREA;1011;CENTRO;SC;46;;;;F;1;92012467061470;;;;47.81-4/00;4781;;;47.81-4/00;;R;89700170
008;7620;;GZT SAO GABRIEL;CORONEL SOARES;;432;CENTRO;RS;22;;;;F;1;92012467062019;;;;47.81-4/00;4781;;;47.81-4/00;;R;97300228
008;7628;;GZT JOACABA;XV DE NOVEMBRO;;214;CENTRO;SC;180;;;;F;1;92012467062876;;;;47.81-4/00;4781;;;47.81-4/00;;AV;89600000
008;7629;;GZT ITAJAI;CONEGO THOMAZ FONTES;;457;CENTRO;SC;32;;;;F;1;92012467062957;;;;47.81-4/00;4781;;;47.81-4/00;;R;88301100
008;7637;;GZT BAGE;SETE DE SETEMBRO;;765;CENTRO;RS;45;;;;F;1;92012467063767;;;;47.81-4/00;4781;;;47.81-4/00;;AV;96400006
008;7638;;GZT DOIS VIZINHOS;DR. ARNALDO BUSATO;SL 2;13;CENTRO;PR;927;;;;F;1;92012467063848;;;;47.81-4/00;4781;;;47.81-4/00;;R;85660000
008;7642;;GZT TRAMANDAI;FERNANDES BASTOS;;478;CENTRO;RS;1278;;;;F;1;92012467064224;;;;47.81-4/00;4781;;;47.81-4/00;;AV;95590000
008;7643;;GZT PATO BRANCO;TUPI;;2166;CENTRO;PR;73;;;;F;1;92012467064305;;;;47.81-4/00;4781;;;47.81-4/00;;R;85501063
