1;16;BCO.BRASIL AG 0016-7 - FLORIANOPOLIS;;;7
1;29;GUARAPUAVA;;;9
1;30;BCO.BRASIL AG 30-2 - PONTA GROSSA - PR;;;2
1;34;BAGE;;;5
1;35;LIVRAMENTO;;;3
1;38;BANCO BRASIL-AG 0038-8 JOINVILLE;;;8
1;42;CACHOEIRA DO SU;;;6
1;45;URUGUAIANA;;;0
1;48;FARROUPILHA;;;6
1;84;RIO GRANDE;;;1
1;89;CAXIAS DO SUL;;;2
1;92;PASSO FUNDO;;;2
1;126;SANTA MARIA;;;0
1;132;ERECHIM;;;5
1;138;SANTO ANGELO;;;4
1;139;LAJEADO;;;2
1;144;ALEGRETE;;;9
1;147;JAGUARAO;;;3
1;153;SAO GABRIEL;;;8
1;169;BCO.BRASIL AG 169-4- QUARAI;;;4
1;170;VACARIA;;;8
1;180;SANTA CRUZ;;;5
1;181;BENTO GONCALVES;;;3
1;182;BCO.BRASIL AG 182-1 - IRATI;;;1
1;185;SAO LEOPOLDO;;;6
1;187;SAO BORJA;;;2
1;192;CAMAQUA;;;9
1;193;BCO.BRASIL AG 193-7 - CRUZ ALTA;;;7
1;195;DOM PEDRITO;;;3
1;201;TUBARAO;;;1
1;206;MAFRA;;;2
1;217;BCO.BRASIL AG 217-8 - UNIĂO DA VITORIA PR;;;8
1;235;BCO.BRASIL AG 0235-6 - STA.VITORIA PALMAR;;;6
1;237;BANCO SICREDI - AG 237 FREDERICO;;;
1;263;BCO.BRASIL AG 263-1 TAPES;;;1
1;271;ITAQUI;;;2
1;299;BCO.BRASIL AG 299-2 - GUARAPUAVA;;;2
1;304;RIO PARDO;;;2
1;305;ITAJAI;;;0
1;307;LAGES;;;7
1;318;MONTENEGRO;;;2
1;321;CHAPECO;;;2
1;327;BCO.BRASIL AG 327-1 - SAO LOURENÇO DO SUL;;;1
1;330;ROSARIO DO SUL;;;1
1;337;TUPANCIRETA;;;9
1;338;ARROIO GRANDE;;;7
1;339;SANTA ROSA;;;5
1;342;GUAIBA;;;5
1;343;CANOINHAS;;;3
1;353;SANTIAGO;;;0
1;358;CARAZINHO;;;1
1;362;PALMEIRA/FREDER;;;X
1;363;BCO.BRASIL AG - 363-8 - LAGOA VERMELHA;;;8
1;369;BCO.BRASIL AG 369-7-STO.ANTONIO DA PATRULHA;;;7
1;371;IJUI;;;9
1;375;CAÇADOR;;;1
1;403;BCO.BRASIL AG 403-0 -VIDEIRA - SC;;;0
1;406;CAMPO MOURAO;;;5
1;407;CRICIUMA;;;3
1;409;BCO.BRASIL AG 409-X - NOVA PRATA;;;X
1;410;BCO.BRASIL AG 410-3 - CONCORDIA;;;3
1;416;BCO.BRASIL AG - 416-2 - TAQUARA - RS;;;2
1;423;BANCO DO BRASIL AG- 423-5 - ENCANTADO;;;5
1;424;BCO.BRASIL AG 724-2 - SAO FCO.DE PAULA;;;2
1;430;ESTRELA;;;8
1;431;GUAPORE;;;6
1;437;SAO L GONZAGA;;;5
1;444;BCO.BRASIL AG 444-8- GETULIO VARGAS;;;8
1;453;BCO.BRASIL AG-0453-7 AGUDO;;;7
1;457;TRES PASSOS;;;X
1;465;BCO.BRASIL AGENCIA - 0465-0 - GARIBALDI;;;0
1;479;CANOAS;;;0
1;485;BCO.BRASIL AG. 485-5 - CASTRO - PARANA;;;5
1;488;SAO SEPE;;;X
1;490;BCO.BRASIL AG- 490-1 - SOLEDADE - RS;;;1
1;495;PATO BRANCO;;;2
1;500;BCO.BRASIL AG - 500-2 - SĂO GERONIMO;;;2
1;501;BANCO DO BRASIL AG 501-0 - SARANDI;;;0
1;509;BCO.BRASIL AGENCIA - 0509-6 - NOVA ESPERANCA;;;6
1;517;CURITIBANOS;;;7
1;531;BCO.BRASIL - AG - 0531-2 - CASCAVEL - PR;;;2
1;561;SAO FRANCISCO;;;4
1;575;BCO.BRASIL AG - 575-4 - GRAMADO - RS;;;4
1;586;XANXERE;;;X
1;599;BCO.BRASIL AG - 0599-1- SAO MIGUEL DO OESTE - SC;;;1
1;604;BCO.BRASIL AG 604-1 - VERANOPOLIS- RS;;;1
1;615;BCO.BRASIL AG 615-7 - PALMAS;;;7
1;616;FCO BELTRA;;;5
1;617;BCO.BRASIL AG 617-3 - CANGUCU;;;3
1;619;BCO.BRASIL AG 619-X - JULIO DE CASTILHOS;;;X
1;626;BANCO DO BRASIL AG 626-2 CANDELARIA;;;2
1;628;BCO.BRASIL AG 628-9 - VIAMĂO;;;9
1;653;BCO.BRASIL AG- 653-X - SAPIRANGA - RS;;;X
1;655;BCO.BRASIL AG 655-6 - SAO MATEUS DO SUL-PR;;;6
1;656;BCO.BRASIL - AGENCIA -656-4 SĂO JOAQUIM - SC;;;4
1;665;BCO.BRASIL AG: 0665-3 - TELEMACO BORBA - PR;;;3
1;669;BANCO BRASIL AG-669-6 ANTONIO PRADO;;;6
1;670;CACAPAVA DO SUL;;;X
1;671;TAQUARI;;;8
1;672;BCO.BRASIL AG 672-6 - VENANCIO AIRES;;;6
1;677;IBIRUBA;;;7
1;678;BCO.BRASIL AG - 678-5 - TAPERA - RS;;;5
1;679;BANCO DO BRASIL AG - 679-3 - CERRO LARGO;;;3
1;680;FREDERICO;;;7
1;682;TRES DE MAIO;;;3
1;685;BCO.BRASIL AG 0685-8 - CAMPOS NOVOS;;;8
1;694;BCO.BRASIL AG 694-7 OSORIO;;;7
1;705;GIRUA;;;6
1;707;BCO.BRASIL AG- 707-2 - FAXINAL DO SOTURNO;;;2
1;709;BCO.BRASIL AG 709-9 - PANAMBI;;;9
1;723;BCO.DO BRASIL AG- 0723-4 - PINHEIRO MACHADO;;;4
1;724;BCO.BRASIL AG 724-2 - SAO FCO.DE PAULA;;;2
1;725;FLORES DA CUNHA;;;0
1;726;MARAU;;;9
1;731;BCO BRASIL AG 731 - 5 SANANDUVA;;;5
1;732;BCO.BRASIL AG 732-3 - AGENCIA STO.AUGUSTO;;;3
1;734;BCO.BRASIL AG 734-X - LARANJEIRAS DO SUL;;;X
1;745;CACEQUI;;;5
1;747;BCO.BRASIL AG 747-1 - UBIRATĂ - PR;;;1
1;764;ESTEIO;;;1
1;777;BCO.BRASIL AG - 777-3 - SĂO LOURENÇO OESTE;;;3
1;790;BCO.BRASIL AG: 790-0 - ESPUMOSO - RS;;;0
1;795;HORIZONTINA;;;1
1;797;BCO.BRASIL AG - 0797-8 ITAIOPOLIS - SC;;;8
1;805;BCO.BRASIL AG - 805-2 STO.ANTONIO DO SUDOESTE - PR;;;2
1;807;BCO.BRASIL AG 0807-9 -SAO SEBAST.DO CAI;;;9
1;808;BCO.BRASIL AG - 0808-7 - SOBRADINHO - RS;;;7
1;839;BCO.BRASIL AG- 839-7 - NĂO ME TOQUE;;;7
1;843;BCO.BRASIL - AGENCIA 843-5 -CLEVELANDIA;;;5
1;855;BCO.BRASIL AG 855-9 JAGUARI;;;9
1;858;BCO.BRASIL 858-3 - MARAVILHA SC;;;3
1;864;BCO.BRASIL AG 864-8 NONOAI;;;8
1;868;BCO.BRASIL AG 868-0 - RESTINGA SECA;;;0
1;871;BANCO DO BRASIL AG-871-0 STA.BARBARA DO SUL;;;0
1;874;SAO P DO SUL;;;5
1;876;BANCO DO BRASIL AG 876-1 - TAPEJARA;;;1
1;877;BANCO DO BRASIL- AG 877-X TENENTE PORTELA;;;X
1;879;BANCO BRASIL AGENCIA-0879 - SAO SEBASTIAO DO CAI;;;
1;883;BCO.BRASIL AG - 883-4 - GRAVATAI - RS;;;4
1;885;SAO MARCOS;;;0
1;907;BCO.BRASIL AG 907-5 - CAPANEMA PR;;;5
1;919;DOIS VIZINHOS;;;9
1;957;BCO.BRASIL AG - 957-1 - PALMEIRA - PR;;;1
1;966;BCO.BRASIL AG - 0966-0 - PIRATINI - RS;;;0
1;972;BCO.BRASIL AG: 972-5 - PRUDENTOPOLIS - PR;;;5
1;996;XAXIM;;;2
1;1055;BARRACAO;;;3
1;1188;BCO.BRASIL AG 1188-6 - IGREJINHA;;;6
1;1248;BCO.BRASIL AG-1248-3 - AZENHA;;;3
1;1249;BCO.BRASIL AG 1249-1 - CAMINHO DO MEIO RS;;;1
1;1276;BCO.BRASIL AG - 1276-9 - VOL.DA PÁTRIA - POA;;;9
1;1292;CXA.FEDERAL AG 1292-AGUDO;;;
1;1355;BANCO DO BRASIL AG 1355-2 PIRAI DO SUL;;;2
1;1367;BANCO DO BRASIL AGENCIA - 1367-6-BOA VISTA DO BURICA;;;6
1;1368;BCO.BRASIL AG 1368-4 - BUTIA -RS;;;4
1;1371;BCO.BRASIL AG - 1371-4 CONSTANTINA - RS;;;4
1;1372;BCO.BRASIL AG 1372-2 - CRISSIUMAL - RS;;;2
1;1373;BCO.BRASIL AG - 1373-0 - MACHADINHO - RS;;;0
1;1376;BANCO DO BRASIL AG - 1376-5 - RONDA ALTA - RS;;;5
1;1377;BCO.BRASIL AG 1377-3 - SANTO CRISTO;;;3
1;1379;BCO.BRASIL AG 1379-X - SEBERI;;;X
1;1380;TRES COROAS;;;3
1;1382;BCO.BRASIL AG 1382-X -ABERLARDO LUZ;;;X
1;1385;B.BRASIL AG - 1385-4 - DESCANSO - SC;;;4
1;1387;FRAIBURGO;;;0
1;1388;BCO.BRASIL AG-1388-9-GUARACIABA-SC;;;9
1;1413;BCO.BRASIL AG- 1413-3 - SĂO JOSE DO OURO -RS;;;3
1;1434;BCO BRASIL AG 1434-6 - AMPERE- PR;;;6
1;1473;BCO.BRASIL AG 1473-7 - ARROIO DO MEIO;;;7
1;1474;BCO.BRASIL AG 1474-5 ARROIO DO TIGRE;;;5
1;1477;BCO.BRASIL AG 1477-X - ARVOREZINHA;;;X
1;1484;BCO.BRASIL AG -1484-2 DR.MARIANO DA ROCHA -STA MAR;;;2
1;1487;BCO.BRASIL AG 1487-7 CAPUCHINHOS - CAXIAS - RS;;;7
1;1622;BANCO BRADESCO AG 1622-5 CAXIAS DO SUL;;;5
1;1701;CANOAS;;;9
1;1714;BCO.DO BRASIL AG - 1714-0 - XANXERE;;;0
1;1756;BCO.BRASIL AG- 1756 - CASCA - RS;;;
1;1801;B.BRASIL AG - 1801-5 - CAXIAS DO SUL- RS;;;5
1;1867;BCO.BRASIL AG 1867-8 - PALMAS - TOCANTINS;;;8
1;1889;BCO.BRASIL AG 1889-9 - PORTO ALEGRE;;;9
1;1899;BCO.BRASIL AG UNIVERSIDADE FEDERAL - RS;;;6
1;2005;BCO.BRASIL AG- 2005-2 - CORONEL BICACO - RS;;;2
1;2006;BCO.BRASIL AG - 2006-0 - TENENTE PORTELA;;;0
1;2008;BCO.BRASIL AG 2008-7 - CORONEL VIVIDA;;;7
1;2020;BCO.BRASIL AG - 2020-6 - CRUZ MACHADO-PR;;;6
1;2043;BCO.BRASIL AG 2043-ERVAL SECO;;;5
1;2169;BCO.BRASIL AG 2169-5 - ITAPEJARA DO OESTE - PR;;;5
1;2189;BCO.BRASIL AG 2189-X - IVOTI RS;;;X
1;2282;BCO.BRASIL AG 2282-9 -MARMELEIRO PR;;;9
1;2352;BANCO DO BRASIL AG -2352-3 - NOVA PALMA;;;3
1;2450;BCO.BRASIL AG 2450-3 - PINHĂO;;;3
1;2478;BCO.BRASIL AG 2478-3 - PONTE ALTA - SC;;;3
1;2490;BANCO BRASIL AG- 2490-2 - UNIĂO DA VITÓRIA;;;2
1;2491;BCO.BRASIL AG 2491-0 PORTO XAVIER;;;0
1;2514;BCO.BRASIL AG 2514-3 - REALEZA;;;3
1;2543;BCO.BRASIL AG 2543-7 - RIO NEGRO - PR;;;7
1;2554;BANCO DO BRASIL AGENCIA 2554-2 ROQUE GONZALES;;;2
1;2613;BCO.BRASIL AG - 2613-1 - SĂO DOMINGOS - SC;;;1
1;2638;BCO.BRASIL AG: 2638-7 - SĂO JOSE - SC;;;7
1;2672;BCO.BRASIL AG 2672-7 - SAPUCAIA DO SUL;;;7
1;2679;SERAFINA CORREA;;;4
1;2692;PASSO FUNDO;;;1
1;2694;RIO GRANDE;;;8
1;2708;SANTA CRUZ;;;1
1;2740;TRIUNFO;;;5
1;2741;BCO.BRASIL AG - 2741-3 - TUCUNDUVA - RS;;;3
1;2768;BCO.BRASIL AG 2768-5 VERA CRUZ;;;5
1;2794;BCO.BRASIL AG 2794-4 - ANCHIETA- CANOAS RS;;;4
1;2797;BCO.BRASIL AG - 2797-9 - PORTO ALEGRE;;;9
1;2840;BANCO BRASIL AG. 2840-1 - NOVA BASSANO RS;;;1
1;2846;B.BRASIL AG- 2846-0 - BARROS CASSAL;;;0
1;2867;CACHOEIRINHA;;;3
1;2871;BCO.BRASIL - AG - 2871-1 - NSA.SRA.LOURDES-CAXIAS;;;1
1;2893;BCO.BRASIL AG 2893-2 SANTA MARIA;;;2
1;2904;SCHARLAU;;;1
1;2910;RIO GRANDE;;;6
1;2919;BCO.BRASIL AG: 2919-X - AGUA SANTA - RS;;;X
1;2942;PELOTAS;;;4
1;2950;PELOTAS;;;5
1;2952;BANCO BRASIL-AG 2952-1 CACHOEIRA;;;1
1;2969;BENTO GONCALVES;;;6
1;2982;ITAJAI;;;3
1;2987;BCO.BRASIL AG- 2987-4 - NOVO HAMBURGO;;;4
1;2990;BCO BRASIL AG: 2990-4 BAIRRO RIO BRANCO;;;4
1;2992;29920 P. FUNDO;;;0
1;3037;BCO.BRASIL AG 3037-6 -CAMPO VERDE MT;;;6
1;3047;BANCO DO BRASIL AG 3047-3-CAPOEIRAS SC;;;3
1;3058;SANTA MARIA;;;9
1;3067;BCO.BRASIL AG: 3067-8 - CHARQUEADAS;;;8
1;3078;BANCO DO BRASIL AG 3078-3-LAGES;;;3
1;3098;BCO.BRASIL AG 3098-8- DR.MAURICIO CARDOSO;;;8
1;3124;PELOTAS;;;0
1;3134;BCO.BRASIL AG 3134-8 - NOVO HAMBURGO;;;
1;3153;BCO.BRADESCO AGENCIA - 3153-4 - PASSO FUNDO;;;
1;3160;JOINVILLE;;;7
1;3188;BCO.BRASIL AG 3188-7 - TEUTONIA;;;7
1;3220;CAXIAS DO SUL;;;4
1;3240;BCO.BRASL AG 3240-9 - BORGES;;;9
1;3244;B.BRASIL AG - 3244-1-PARAISO DO SUL-CANDELARIA;;;1
1;3246;PAROBE;;;8
1;3256;BANCO DO BRASIL- AG 3256-5 -PORTO ALEGRE;;;5
1;3269;BCO.BRASIL AG-3269-7 TRIUNFO;;;7
1;3281;SANTA MARIA;;;6
1;3289;BCO.BRASIL AG- 3289-1 - CASCAVEL - PR;;;1
1;3328;PONTA GROSSA;;;6
1;3334;BCO.BRASIL AG - 3334-0 - PORTO ALEGRE;;;0
1;3395;BCO.BRASIL AG 3395-2 - RIO GRANDE;;;2
1;3495;BANCO BRADESCO AG 3495- PORTO ALEGRE;;;
1;3529;PORTO ALEGRE;;;7
1;3530;BANCO DO BRASIL AGENCIA- 3530-0 - PORTO ALEGRE;;;0
1;3534;PASSO FUNDO;;;3
1;3542;BCO.BRASIL AG - 3542-4 - CHAPECÓ - SC;;;4
1;3616;BANCO DO BRASIL AG 3616-1 - FELIPE SCHMIDT FLORIAN;;;1
1;3711;BCO.BRASIL AG 3711-7- CANDIDO GODOY;;;7
1;3726;BCO.BRASIL AG- 3726-5 - FORTALEZA DOS VALOS;;;5
1;3730;BCO.DO BRASIL AG- 3730-3 = IBIAÇA - RS;;;3
1;3742;BCO.BRASIL AG - 3742-7 MATA - RS;;;7
1;3749;BCO.BRASIL AG 3749-4 - PALMITINHO - RS;;;4
1;3751;BANCO DO BRASIL AG 3751-6-PEJUÇARA - RS;;;6
1;3761;BANCO DO BRASIL - AG - 3761-3 - RONDINHA - RS;;;3
1;3866;BCO.BRASIL AG - 3866-0 IGARA;;;0
1;3870;FLORESTA;;;9
1;3876;SAO JOAO;;;8
1;3882;BANCO DO BRASIL AG-3882-2 - CHUVISCA - RS;;;2
1;3909;BCO.BRASIL AG - 3909-9 - BROCHIER - RS;;;
1;3917;BCO.BRASIL AG - 3917-9 - STA.CLARA DO SUL - RS;;;9
1;4082;BCO.BRASIL AG 4082-7 - SAL.FILHO;;;7
1;4103;BANCO BRASIL AG- 4103-3 - SAO DOMINGOS;;;3
1;4251;BCO.BRASIL - AGENCIA 4251-X - ERECHIM;;;X
1;4354;PASSO FUNDO;;;0
1;4397;BCO.BRASIL AG - 4397-4 - FLORIANOPOLIS;;;4
1;4470;BCO.BRASIL AG- 4470-9 - FLORES DA CUNHA - RS;;;9
1;4507;BCO.BRASIL AG 4507-1 ROLANTE;;;1
1;4508;BCO.BRASIL AG 4508-X - MAXIMILIANO DE ALMEIDA;;;X
1;4510;BCO.BRASIL AG 4510-1 - NOVA HARTZ;;;1
1;4516;BCO.BRASIL AG- 4516-0 - NOVO HAMBURGO;;;0
1;4531;BCO.BRASIL AG - 4531-4 - SANTO CRISTO;;;4
1;4602;BCO.BRASIL AG 4602-7 - FAXINAL DOS GUEDES;;;7
1;4619;BCO.BRASIL AG- 4619-1 - PAVERAMA;;;1
1;4675;BCO.BRASIL AG - 4675-2 - SĂO JOĂO DO POLESINE - RS;;;2
1;4773;BCO.BRASIL AG - 4773-2 - JOINVILE - SC;;;2
1;5204;BCO.BRASIL AG - 5204-3 - CACADOR;;;3
1;5206;BCO.BRASIL AG 5206-X - CAMPOS NOVOS SC;;;X
1;5215;BCO.BRASIL AG.BESC - 5215-9;;;9
1;5216;BCO.BRASIL AG 5216-7 - MAFRA;;;7
1;5234;B.BRASIL AG - 5234-5 - VIDEIRA - SC;;;5
1;5235;BCO.BRASIL AG - 5235-3 - CURITIBANOS - SC;;;3
1;5236;BCO.BRASIL AG - 5236-1 - CONCORDIA - SC;;;1
1;5237;BCO.BRASIL AG - 5237-X - SĂO MIGUEL DOESTE-SC;;;X
1;5284;BCO.BRASIL AG-5284-1-SĂO JOSE CERRITO/SC;;;1
1;5294;BCO.BRASIL-BESC- SC - AG 5294-9;;;9
1;5322;BCO.BRASIL AGENCIA - 5322-8- VIDEIRA;;;8
1;5375;BCO.BRASIL AG 5375-9-CORREIA PINTO - SC;;;9
1;5397;BCO.BRASIL AG - 5397-X - GUARACIABA - SC;;;X
1;5425;BCO.BRASIL AG - 5425-9 -LINDOIA DO SUL - SC;;;9
1;5447;BANCO DO BRASIL AGENCIA- 5447-0 - CAÇADOR;;;0
1;5656;BCO.BRASIL AG 5656-1 - TRIANGULO - RS;;;1
1;5672;B.BRASIL AG-5672-3 -BAL.CASSINO-RIO GRANDE;;;3
1;5745;BANCO BRASIL AG- 5745-2 - PORTO ALEGRE;;;2
1;5795;BANCO BRASIL AG- 5795-9 - GUARAPUAVA - PR;;;9
1;5995;BCO.BRASIL - AG: 5995-1 - CAXIAS DO SUL - RS;;;1
1;8052;B.BRASIL AG - 8052-7 - PATO BRANCO - PR;;;7
1;8103;BCO.BRASIL - AG- 8103-5 AV.NAÇŐES UNIDAS-N.HAMBURG;;;5
1;8114;BANCO BRASIL AG- 8114-0 - SANTA MARIA;;;0
1;8639;BCO.BRASIL AG 8639-8 - ESTILO-MOROM-PASSO FUNDO;;;8
8;28;CENTENARIA;;;
8;40;ALEGRETE;;;
8;55;CAMAQUA;;;
8;66;CARAZINHO;;;
8;84;UNIAO DA VITORI;;;
8;151;RIO GRANDE;;;
8;227;FLORIANOPOLIS;;;
8;288;PARTENON - 028;;;
8;526;CACHOEIRA SUL;;;
8;626;BANCO DO BRASIL AG 626-2 CANDELARIA;;;2
8;805;DOM PEDRITO;;;
8;903;ESTEIO;;;
8;1112;IJUI;;;
8;1140;ITAQUI;;;
8;1141;BANCO SANTANDER - AG 1141 - MARAU;;;
8;1170;JAGUARAO;;;
8;1214;LAGOA VERMELHA;;;
8;1224;LAJEADO;;;
8;1393;PALMEIRA MISSOE;;;
8;1500;CACAPAVA DO SUL;;;
8;1690;SANTA ROSA;;;
8;1735;SANTIAGO;;;
8;1740;SANTO ANGELO;;;
8;1790;SAO BORJA;;;
8;1859;SAO GABRIEL;;;
8;1890;SCHARLAU;;;
8;1939;SAO LUIZ GONZAG;;;
8;2030;SOLEDADE;;;
8;2035;SOLEDADE;;;
8;2137;TRES DE MAIO;;;
8;2159;TRES PASSOS;;;
8;2240;VENANCIO AIRES;;;
8;2352;CACADOR;;;
8;2400;CRICIUMA;;;
8;2410;CURITIBANOS;;;
8;2440;JOACABA;;;
8;2452;JOINVILLE;;;
8;2636;TUBARAO;;;
8;2793;GUARAPUAVA;;;
8;2964;UNIAO DA VITORI;;;
8;3373;BCO.SANTANDER - AG - 3373 -SP-PRAÇA DA REPUBLICA;;;
8;4570;ALVORADA;;;
8;4620;CACHOEIRINHA;;;
8;4802;URBANA IGUATEMY;;;
8;5022;FREDERICO WESTP;;;
8;22200;VACARIA;;;
27;15;BANCO BESC - AG 015;;;
27;40;MAFRA;;;
27;558;SAO JOSE;;;
41;17;BANCO BANRISUL  AG 017 - PASSO FUNDO;;;
41;110;BANCO BANRISUL- AG 0110;;;
41;190;BCO.BANRISUL AG 190-CRUZ ALTA;;;
41;205;BANRISUL-AG 205;;;
41;308;BANRISUL - NOVA HARTZ;;;
41;310;PASSO FUNDO;;;
41;315;BCO.BANRISUL AG 315 - PASSO FUNDO;;;
41;350;BANCO BANRISUL-AG.0350;;;
41;370;SANTO ANGELO;;;
41;390;BANCO BANRISUL-AG 390;;;
41;430;URUGUAIANA;;;
41;475;PELOTAS;;;
41;587;BCO.BANRISUL AG - 587 - CERRO LARGO;;;
41;791;BANCO BANRISUL - AGENCIA 0791 PAROBE;;;
41;898;GUAIBA;;;
41;917;BANCO BANRISUL-AG 917;;;
104;19;CXA.FEDERAL - AG - 0019 - FAXINAL DOS GUEDES - SC;;;
104;48;IJUI;;;3
104;49;CXA.FEDERAL AG 049-CASA AMARELA RECIFE;;;
104;104;CXA.ECON.FEDERAL AG-1875 -KOBRASOL;;;
104;107;CAIXA FEDERAL-AG.1078;;;
104;159;SANTA MARIA;;;5
104;370;CXA.FEDERAL AG 370-0 - CURITIBA -PR;;;0
104;371;CXA.FEDERAL AG-371-BACACHERI - PR;;;
104;386;CAMPO MOURAO;;;
104;389;GUARAPUAVA;;;
104;390;CXA.FEDERAL AG 390-IRATI;;;
104;394;CXA.FEDERAL AG 394 - LONDRINA PR;;;
104;397;CXA.FEDERAL AG 397-PALMEIRA;;;
104;400;PONTA GROSSA;;;
104;401;CXA.FEDERAL AG-401-PRUDENTOPOLIS;;;
104;407;UNIAO DA VITORI;;;
104;408;FLORIANOPOLIS;;;
104;410;TUBARAO;;;
104;413;CXA.FEDERAL AG 413-8 - CANOINHAS - SC;;;8
104;414;CHAPECO;;;
104;415;CRICIUMA;;;
104;416;BAL CAMBORIU;;;
104;419;JOINVILLE;;;
104;420;LAGES;;;
104;422;UNIAO VITORIA;;;
104;427;ARARANGUA;;;
104;428;CXA.FEDERAL AG - 428-PORTO ALEGRE;;;
104;429;IGUATEMY;;;
104;430;CXA.FEDERAL AG 430-RUA DA PRAIA;;;
104;432;CXA.FEDERAL AG 0432-AZENHA;;;
104;433;CXA.FEDERAL AG 0433- VILA FERNANDES - RS;;;
104;439;CXA.FEDERAL AG 0439- PORTO ALEGRE;;;
104;441;CXA.FEDERAL AG 441-JOSE DO PATROCINIO;;;
104;442;CXA.FEDERAL AG 442-MENINO DEUS;;;
104;443;CXA.FEDERAL AG 443 - MOINHOS DE VENTO;;;
104;445;CXA.FEDERAL AG 445- PARTENON;;;
104;446;CXA.FEDERAL AH 446-PASSO DA AREIA;;;
104;451;CXA.FEDERAL AG 0451-OTAVIO ROCHA;;;
104;453;CXA.FEDERAL AG 453-7 - PORTO ALEGRE;;;7
104;455;ALEGRETE;;;
104;456;CXA.FEDERAL AG 456-BAGE;;;
104;457;BENTO GONCALVES;;;
104;459;CACHOEIRA;;;
104;460;CXA.FEDERAL AG-460-CAMAQUA;;;
104;461;CXA.FEDERAL AG 0461-PORTO ALEGRE;;;
104;462;CANCUCU;;;
104;464;CARAZINHO;;;
104;465;CAXIAS DO SUL;;;
104;466;CERRO LARGO;;;
104;467;CRUZ ALTA;;;
104;469;DOM PEDRITO;;;
104;470;ERECHIM;;;
104;472;ESTEIO;;;
104;473;CXA.FEDERAL AG- 473- ESTRELA-RS;;;
104;475;CAIXA FEDERAL- AG 0475-FREDERICO;;;
104;477;CXA.FEDERAL AG - 477-4 - GETULIO VARGAS;;;4
104;478;CXA.FEDERAL AG.478-GRAVATAI;;;
104;480;GIRUA;;;
104;481;HORIZONTINA;;;
104;482;CXA.FEDERAL AG 0482-IBIRUBA;;;
104;483;IJUI;;;
104;484;ITAQUI;;;
104;485;JAGUARAO;;;
104;486;CXA.FEDERAL AG-0486-JAQUARI;;;
104;487;CXA.FEDERAL AG 0487- JULIO DE CASTILHOS;;;
104;488;LAGOA VERMELHA;;;
104;489;LAJEADO;;;
104;490;NOVO HAMBURGO;;;
104;491;CXA.FEDERAL AG 491-OSORIO;;;
104;492;PALMEIRAS;;;
104;493;PANAMBI;;;
104;494;PASSO FUNDO;;;
104;495;PELOTAS;;;
104;496;QUARAI;;;
104;497;CXA.ECONOMICA FEDERAL - AGENCIA 0497-RIO GRANDE;;;
104;498;CXA.FEDERAL AG 498 - RIO PARDO;;;
104;499;ROSARIO DO SUL;;;
104;500;STA CRUZ;;;
104;501;SANTA MARIA;;;
104;502;SANTA ROSA;;;
104;503;SANTIAGO;;;
104;504;SANTO ANGELO;;;
104;505;CXA.FEDERAL AG 0505-3 - LIVRAMENTO;;;3
104;506;SAO BORJA;;;
104;507;CXA.FEDERAL AG 0507-SAO FCO.DE PAULA;;;
104;508;SAO GABRIEL;;;
104;509;CXA.FEDERAL AG 509- SĂO GERONIMO - RS;;;
104;511;SAO LEOPOLDO;;;
104;513;SAO LUIZ;;;
104;514;CXA.FEDERAL AG- 514-2 - SAPIRANGA - RS;;;2
104;515;CXA.FEDERAL AG 515-SARANDI;;;
104;516;SOLEDADE;;;
104;517;CXA.FEDERAL AG 517-TAPES;;;
104;518;TAQUARA;;;
104;519;CXA.FEDERAL AG 519-TAQUARI;;;
104;520;CXA.FEDERAL AG.520-7 TRES PASSOS;;;7
104;521;CXA.FEDERAL AG- 0521- TRES DE MAIO - RS;;;
104;522;CXA.FEDERAL AG 522 - TRAMANDAI;;;
104;525;CXA FEDERAL AG 525 -TUPANCERETĂ;;;
104;526;URUGUAIANA;;;
104;527;VACARIA;;;
104;528;CXA.FEDERAL AG 528-VERANOPOLIS;;;
104;529;CXA.FEDERAL AG 529 - VENANCIO AIRES;;;
104;530;MONTENEGRO;;;
104;532;SANTA MARIA;;;
104;567;CAIXA FEDERAL AG- 567 - ENCANTADO - RS;;;
104;568;CASCAVEL;;;
104;571;CXA.FEDERAL AG 571-CURITIBANOS;;;
104;572;CACADOR;;;
104;589;FOZ DO IGUACU;;;
104;593;NOVA PRATA;;;
104;594;CXA.FEDERAL AG 0594 - NĂO ME TOQUE;;;
104;601;FCO BELTRAO;;;
104;602;PATO BRANCO;;;
104;604;CXA.FEDERAL -AG 604-1 CAÇAPAVA;;;1
104;627;CONCORDIA;;;
104;693;CXA.FEDERAL AG.693 STA.VIT.PALMAR;;;
104;695;SANTO AUGUSTO;;;
104;696;CXA.ECONOMICA FEDERAL - AGENCIA 696-SĂO S.DO CAI;;;
104;697;CXA.FEDERAL AG-697 -MARAU;;;
104;698;CXA.FEDERAL AG: 698 - SERAFINA CORREA;;;
104;701;CAIXA FEDERAL -AG 0701-XANXERE;;;
104;702;CXA.FEDERAL AG- 0702-1 - SAO MIGUEL DO OESTE;;;1
104;703;CXA.FEDERAL AG -703-0 -STO.ANTONIO DA PATRULHA;;;0
104;726;TOLEDO;;;
104;796;CXA.FEDERAL AG 0796-VIDEIRA SC;;;
104;844;CXA.ECONOMICA FEDERAL - AGENCIA 0844-CACHOEIRINHA;;;
104;846;CXA.ECONOMICA FEDERAL - AGENCIA 0846-GUAPORE;;;
104;851;CXA.ECONOMICA FEDERAL AG 851-CAMPOS NOVOS;;;
104;856;PELOTAS;;;
104;878;FCO BELTRA;;;
104;911;CXA.FEDERAL AG 0911-PETROPOLIS POA RS;;;
104;912;CXA.FEDERAL AG.912-ESPUMOSO;;;
104;913;CXA.FEDERAL AG 913 - SAPUCAIA DO SUL;;;
104;929;CXA.FEDERAL AG - 929-6 - SĂO SEPE - RS;;;6
104;930;CXA.FEDERAL AG 930 - FLORES DA CUNHA;;;
104;931;CXA. FEDERAL AG 931-DOIS VIZINHOS - PR;;;
104;932;CXA.FEDERAL AG 932 - LARANGEIRAS DO SUL- PR;;;
104;1015;CXA.FEDERAL AG-1015-CANDELARIA;;;
104;1077;CXA.FEDERAL AG 1077 - MARAVILHA;;;
104;1078;CAIXA FEDERAL-AG 1078-FLORIANÓPOLIS;;;
104;1082;CXA.FEDERAL AG- 1082-SĂO JOĂO JOAQUIM - SC;;;
104;1094;CXA.FEDERAL AG 1094-PAVUNA;;;
104;1150;TRES COROAS;;;
104;1151;CAIXA.FEDERAL AG 1151-7 - SOBRADINHO - RS;;;7
104;1152;CXA.FEDERAL AG 1152-RESTINGA SECA /RS;;;
104;1256;CXA.FEDERAL AG 1256-4 - CAPANEMA;;;4
104;1261;CASCAVEL;;;
104;1278;CXA.FEDERAL AG 1278 - ANTONIO PRADO;;;
104;1287;CXA.FEDERAL AG 1287 - REALEZA;;;
104;1292;CXA.FEDERAL AG 1292-AGUDO;;;
104;1359;CXA.FEDERAL AG 1359-SĂO PEDRO DO SUL;;;
104;1366;CXA.FEDERAL AG- 1366 - SANTA MARIA;;;
104;1378;CXA.FEDERAL AG - 1378-1 - CASCA -RS;;;1
104;1391;PAROBE;;;
104;1437;CXA.FEDERAL AG 1437-ALVORADA;;;
104;1507;CXA.FEDERAL AG- 4507-1 - TAPERA;;;1
104;1547;CXA.FEDERAL AG 1547-CENTRO PONTA GROSSA;;;
104;1555;SAO JOSE;;;
104;1589;CXA.FEDERAL AG 1589-0 SAO PELEGRINO-CAXIAS;;;0
104;1592;CXA.FEDERAL AG 1592-0 - BOURBON IPIRANGA;;;0
104;1593;PASSO FUNDO;;;
104;1594;PELOTAS;;;
104;1595;SANTA MARIA;;;
104;1596;CXA.FEDERAL AG 1596-JUCA BATISTA POA;;;
104;1638;CXA.FEDERAL AG-1638 COQUEIROS SC;;;
104;1644;CXA-FEDERAL AG 1644-6 - SCHARLAU;;;6
104;1663;LAGES;;;
104;1708;CXA.FEDERAL AG 1708 - ARROIO DO MEIO;;;
104;1709;CXA.FEDERAL AG- 1709 - ARVOREZINHA- RS;;;
104;1757;PONTA GROSSA;;;
104;1762;CXA.FEDERAL-AG 1762-0 BUTIA;;;0
104;1769;CXA.FEDERAL AG 1769 - ROLANTE RS;;;
104;1771;CXA.FEDERAL - AG 1771-0 SANTO CRISTO;;;0
104;1784;SAO JOSE;;;
104;1791;CXA.FEDERAL AG 1791- FRAIBURGO;;;
104;1851;CXA.FEDERAL AG 1851-1 - PORTO ALEGRE;;;1
104;1852;CXA.FEDERAL AG 1852-AEROPORTO SAL.FILHO POA;;;
104;1854;CXA.ECONOMICA FEDERAL AG 1854-CONSTANTINA;;;
104;1855;CXA.FEDERAL-AG 1855-4 CRISSIUMAL;;;4
104;1872;CXA.FEDERAL AG -1872-IGREJINHA;;;
104;1874;BIGUAżU;;;
104;1875;SAO JOSE;;;
104;1877;CXA.FEDERAL AG 1877-MIRAMAR-FLORIPA SC;;;
104;1884;CAIXA FEDERAL-AG 1884-SAO LOURENÇO DO OESTE;;;
104;1895;CXA.FEDERAL AG 1895-SANANDUVA;;;
104;1896;CHAPECO;;;
104;1924;BLUMENAU;;;
104;1946;CXA.FEDERAL AG 1946-1 - PITANGA - PR;;;1
104;2093;TAPEJARA;;;
104;2127;CXA.FEDERAL AG 2127-0 - FAXINAL DO SOTURNO;;;0
104;2152;CXA.FEDERAL AG 2152-0 - SĂO MATEUS;;;0
104;2231;SANTA MARIA;;;
104;2284;GRAVATAI;;;
104;3060;CXA.FEDERAL AG - 3060- BENTO GONCALVES;;;
104;3063;CXA.FEDERAL AG.3063-PASSO FUNDO;;;
104;3078;CXA.FEDERAL AG-3078 SAO JOSE DA TERRA FIRME;;;
104;3082;CXA.ECONOMICA FEDERAL - AG 3082-1 - OTACILIO COSTA;;;1
104;3113;CXA.FEDERAL AG 3113-5 ERECHIM;;;5
104;3140;CXA.FEDERAL AG 3140-PATRIA NOVA;;;
104;3168;CXA.FEDERAL AG 3168 - PIRAI DO SUL - PR;;;
104;3173;CXA.FEDERAL AG 3173-9 IMBITUVA - PR;;;9
104;3402;CXA.FEDERAL AG - 3402-9 - TRIUNFO;;;9
104;3407;CXA.FEDERAL - AG. 3407-ABELARDO LUZ - SC;;;
104;3449;CXA.FEDERAL AG - 3449 -FERRABRAZ-SAPIRANGA;;;
104;3457;CXA.FEDERAL AG 3457-6 - VIAMAO;;;6
104;3460;CXA.FEDERAL - AGE- 3460-6 - PORTO ALEGRE;;;6
104;3592;CXA.FEDERAL AG- 3592-0 - CHAPECO- SC;;;0
104;3616;CXA.FEDERAL AG FELIPE SCHMIDT- FLORIANOPOLIS;;;1
104;3646;CXA.FEDERAL - AG 3646-3-ITAIOPOLIS - SC;;;3
104;3655;CXA.FEDERAL AG- 3655-2 - CAÇADOR - SC;;;2
104;3670;CXA. FEDERAL- AG- 3670 - IJUI;;;
104;3674;CXA.FEDERAL AG 3674- OSVALDO ARANHA-BENTO GONÇALVE;;;
104;3710;BCO.CAIXA - AGENCIA 3710-9 - BOQUEIRAO P.F;;;9
104;3711;CXA:FEDERAL AG- 3711-7 - CHARQUEADAS;;;7
104;3875;CXA.FEDERAL AG- 3875-0 - NEREU RAMOS-LAGES;;;0
104;3881;CXA.FEDERAL AG- 3881-TRES VENDAS-ERECHIM;;;
104;3882;BANCO DO BRASIL AG-3882-2 - CHUVISCA - RS;;;2
104;3883;CXA.FEDERAL AG- 3883-INDEPENDENCIA - STA.ROSA;;;
104;3917;CXA.ECONOMICA FEDERAL AG- 3917- TEOTONIA;;;
104;4003;PASSO FUNDO;;;
104;4152;NOVO HAMBURGO;;;
104;4164;CAXIAS DO SUL;;;
104;4432;CXA.FEDERAL AG- 4432-6 - SĂO FCO.ASSIS;;;6
104;4438;BANCO CAIXA ECONOMICA FEDERAL- 4438 - CUNHA PORA;;;
104;4452;CXA.FEDERAL AGENCIA 4452-CORREIA PINTO;;;
104;4506;CXA.FEDERAL AG- 4506-3 - PINHEIRO MACHADO;;;3
104;4507;CXA.FEDERAL AG- 4507-1 - TAPERA;;;1
104;4593;CAIXA FED AG 4593-4 COR VIVIDA-PR;;;4
104;4705;CXA.FEDERAL AG- 4705-8 - ARROIO DO TIGRE;;;8
104;4809;CXA.FEDERAL AG- 4809-7 - ARROIO GRANDE;;;7
104;4938;BANCO CAIXA ECON. FEDERAL AGENCIA-4938 - SALTO DO JACUI;;;
104;4940;PASSO FUNDO;;;
104;4943;CXA.FEDERAL - AG- 4943-3- FCO.BELTRAO - PR;;;3
104;4946;GEN. CANABARRO;;;
208;1;BANCO BTG PACTUAL - AGENCIA 0001;;;
208;20;BANCO BTG PACTUAL - AGENCIA 0020;;;
237;110;BANCO BRADESCO AG 110-1 TRES COROAS;;;1
237;155;29920 P. FUNDO;;;5
237;163;BANCO BRADESCO AG 0163-5 - NAVEGANTES;;;5
237;165;BANCO BRADESCO AG 0165 SAO PAULO;;;0
237;200;BANCO BRADESCO AG 0200- TRES DE MAIO;;;
237;212;BCO.BRADESCO AGENCIA - 0212-8 - PAROBE;;;8
237;226;BANCO BRADESCO AGENCIA-226-MARAU;;;
237;265;AGENCIA BRADESCO 2659;;;9
237;268;BANCO BRADESCO AGENCIA- 268-2 - PORTO ALEGRE;;;2
237;269;BANCO BRADESCO AGENCIA- 269 - CAXIAS DO SUL;;;
237;285;BANCO BRADESCO AGENCIA - 0285-SĂO LEOPOLDO;;;
237;324;BANCO BRADESCO AGENCIA- 0324 - CANOAS;;;
237;326;AGENCIA BRADESCO  PORTO ALEGRE 0326;;;
237;327;BANCO BRADESCO AGENCIA- 0327 - 7 - SANTO ANGELO;;;7
237;330;BANCO BRADESCO AG 330 ITAJAI;;;
237;338;BCO.BRADESCO AGENCIA - 338-7 - CACADOR;;;7
237;340;BANCO BRADESCO AG 0340-9 CAMPOS NOVOS;;;9
237;341;BANCO BRADESCO AGENCIA - 341-7 CANOINHAS;;;7
237;343;BANCO BRADESCO AG 343-3 - CHAPECO;;;3
237;344;BANCO BRADESCO AGENCIA- 344-1- CONCORDIA;;;1
237;346;BCO.BRADESCO AGENCIA - 346-8 - CURITIBANOS;;;8
237;357;BANCO BRADESCO AG 357-3 JOAÇABA;;;3
237;358;BANCO BRADESCO AG 0358 CAMPOS NOVOS;;;
237;360;BCO.BRADESCO AGENCIA - 0360-3 - LAGES;;;3
237;361;AGENCIA BRADESCO 361-1 LAURO MULLER;;;1
237;362;BANCO BRADESCO AGENCIA - 362- CANOINHAS;;;
237;365;BANCO BRADESCO AG 365-4  - PORTO UNIAO;;;4
237;373;BANCO BRADESCO AGENCIA- 0373 - SAO JOAQUIM;;;
237;376;BANCO BRADESCO AGENCIA-376 -0- SAO MIGUEL DO OESTE;;;0
237;384;BCO.BRADESCO AGENCIA - 384-0- VIDEIRA;;;0
237;385;BCO.BRADESCO AGENCIA - 385-9- XANXERE;;;9
237;387;BANCO BRADESCO AGENCIA- 387-5-PELOTAS;;;5
237;388;BANCO BRADESCO AGENCIA - 388-3-SANTA MARIA;;;3
237;412;BCO.BRADESCO AGENCIA - 412-0 - RIO GRANDE;;;0
237;424;BANCO BRADESCO AGENCIA- 0424-3 - GUARAPUAVA;;;3
237;425;BCO.BRADESCO AGENCIA - 425-1- CLEVELANDIA;;;1
237;429;BANCO BRADESCO AGENCIA- 0429 - 4 PALMAS;;;4
237;430;BANCO BRADESCO AG 430-8 PALMEIRA;;;8
237;438;AGENCIA BRADESCO 438-3 CASCAVEL;;;3
237;439;BCO.BRADESCO AGENCIA - 439-1- BAGE;;;1
237;449;AGENCIA BRADESCO 449 SAO PAULO;;;9
237;491;BANCO BRADESCO AGENCIA- 0491 - 0 - PORTO ALEGRE;;;0
237;563;BANCO BRADESCO AGENCIA-0563 - LAJEADO;;;
237;568;BANCO BRADESCO AGENCIA-568 - LAJEADO;;;
237;584;AGENCIA 0584-3 CHAPECO;;;3
237;617;AGENCIA BRADESCO 617-3 SAO MIGUEL DO IGUACU;;;3
237;646;BANCO BRADESCO AG 646- 7 PONTA GROSSA;;;7
237;717;BANCO BRADESCO AGENCIA - 0717 -3 BENTO GONÇALVES;;;3
237;762;BCO.BRADESCO - AG -762-5 - ALTO DOS PINHEIROS - SP;;;5
237;797;BANCO BRADESCO AGENCIA 797 PARANA;;;8
237;877;AGENCIA BRADESCO 877 GRAVATAI;;;
237;888;BCO.BRADESCO AG - 762-5 - ALTO DOS PINHEIROS - SP;;;5
237;895;BANCO BRADESCO AG 895-8 -SAO PAULO;;;8
237;908;BANCO BRADESCO AG 0908-3  - NOVA PRATA;;;3
237;932;BANCO BRADESCO AGENCIA - 0932-6-SAO FRANCISCO DE PAULA;;;6
237;966;BCO.BRADESCO AGENCIA- 0966-0 - PASSO FUNDO (SAO CRISTOVAO);;;0
237;983;BANCO BRADESCO AGENCIA- 0983-0 - TAPES;;;0
237;993;BANCO BRADESCO AGENCIA - 993 TEUTONIA;;;
237;1000;BANCO BRADESCO AG 10006 SANTA VITORIA DO PALMAR;;;6
237;1032;BANCO BRADESCO AGENCIA- 1032-4-GETULIO VARGAS;;;4
237;1078;AGĘNCIA 1078 SĂO MATEUS;;;
237;1115;BANCO BRADESCO AGENCIA - 1115 FAXINAL DO SOTURNO;;;
237;1194;BANCO BRADESCO AGENCIA - 1194-0- PORTO ALEGRE;;;0
237;1252;BCO.BRADESCO AGENCIA - 1252-1- PALMEIRA DAS MISSOES;;;1
237;1299;BCO.BRADESCO AGENCIA - 1299 - NAO ME TOQUE;;;
237;1300;BANCO BRADESCO AG 1300 -5 HERVAL DO OESTE;;;5
237;1306;BANCO BRADESCO AGENCIA- 1306-4 - ROSARIO;;;4
237;1393;BCO.BRADESCO AGENCIA - 1393-5 - VACARIA;;;5
237;1401;BANCO BRADESCO AG 1401-0 PORTO ALEGRE;;;0
237;1424;BANCO BRADESCO AGENCIA - 1424 - 9 TUPANCIRETA;;;9
237;1467;BANCO BRADESCO AGENCIA- 1467 - FRANCISCO BELTRĂO;;;
237;1476;BANCO BRADESCO AGENCIA- 1476 - 1 - PORTO ALEGRE;;;1
237;1491;BCO.BRADESCO AGENCIA - 1491-5- MONTENEGRO;;;5
237;1532;BANCO BRADESCO AGENCIA - 1532-6-IBIRUBA;;;6
237;1533;BANCO BRADESCO AG 1533 - 4 SAO SEPE;;;4
237;1534;BANCO BRADESCO AGENCIA- 1534 - 2 -TRES DE MAIO;;;2
237;1557;BANCO BRADESCO AGENCIA- 1557-1 - CANGUCU;;;1
237;1564;BANCO BRADESCO AGENCIA- 1564 - CANOAS;;;
237;1565;AGENCIA 1565-2 PORTO ALEGRE;;;2
237;1571;BANCO BRADESCO AGENCIA - 1571 MARAU;;;
237;1576;BCO.BRADESCO AGENCIA - 1576-8 - PAROBE;;;8
237;1587;BANCO BRADESCO AGENCIA- 1587 -3 - SANTA CRUZ;;;3
237;1589;BANCO BRADESCO AGENCIA- 1589 - ESTEIO;;;
237;1596;BANCO BRADESCO AGENCIA-1596-2-FREDERICO;;;
237;1601;BANCO BRADESCO AGENCIA - 1601-2-TRES PASSOS;;;2
237;1603;BANCO BRADESCO AGENCIA - 1603-9 ITAQUI;;;9
237;1604;BANCO BRADESCO AG 1604-7 CACHOEIRINHA;;;7
237;1615;BANCO BRADESCO AGENCIA-1615-2-TAQUARA;;;2
237;1619;BCO.BRADESCO AGENCIA - 1619-5 - SĂO MARCOS;;;5
237;1622;BANCO SICREDI - AGENCIA 1622-5 CAXIAS DO SUL;;;5
237;1635;BANCO BRADESCO AGENCIA- 1635 - 7 DOM PEDRITO;;;7
237;1636;BANCO BRADESCO AGENCIA- 1636 - 5 - ENCANTADO;;;5
237;1649;BCO.BRADESCO AGENCIA - 1649-7- SANTIAGO;;;7
237;1651;BANCO BRADESCO AGENCIA- 1651 -9 - SAO SEBASTIAO DO CAI;;;9
237;1665;BANCO BRADESCO AGENCIA-1665-9 -STO ANTONIO DA PATRULHA;;;9
237;1674;BCO.BRADESCO AGENCIA - 1674-8 - PANAMBI;;;8
237;1694;BANCO BRADESCO AGENCIA- 1694 - JULIO DE CASTILHOS;;;
237;1731;BANCO BRADESCO AGENCIA- 1731-0 - MARAVILHA;;;
237;1733;BANCO BRADESCO AG 1733-7 XAXIM;;;7
237;1734;BANCO BRADESCO AGENCIA- 1734- ABELARDO LUZ;;;
237;1735;BANCO BRADESCO AG 1735 TANGARA;;;
237;1736;BCO.BRADESCO AGENCIA - 1736-1- FRAIBURGO;;;1
237;1737;BANCO BRADESCO AGĘNCIA - 1737 - SERAFINA CORREA;;;
237;1753;BCO.BRADESCO AGENCIA - 1753 - SOBRADINHO;;;
237;1779;BANCO BRADESCO AGENCIA-1779-5 - GARIBALDI;;;5
237;1798;BANCO BRADESCO AGENCIA- 1798 - SAO LUIZ;;;
237;1860;BANCO BRADESCO AG-1860-SAO PAULO;;;
237;1878;AGENCIA BRADESCO 01878-3  TRAMANDAI;;;3
237;1900;BANCO BRADESCO AGENCIA - 1900 SOLEDADE;;;
237;1910;BANCO BRADESCO AG 1910 OSORIO;;;
237;1913;BANCO BRADESCO AGENCIA- 1913 -5-DOIS VIZINHOS;;;5
237;1926;BCO.BRASIL AG 1926-7 - SAO LEOPOLDO;;;7
237;1927;BANCO BRADESCO AGENCIA- 1927 - VIAMĂO;;;
237;1928;BANCO BRADESCO AGENCIA- 1928 - PAROBE;;;
237;1930;BANCO BRADESCO AGENCIA- 1930 - VERANOPOLIS;;;
237;1971;BANCO BRADESCO AGENCIA- 1971-2 PORTO ALEGRE;;;2
237;1973;BANCO BRADESCO AGENCIA- 1973 - 9 ESTEIO;;;9
237;1979;BANCO BRADESCO AGENCIA- 1979 - 8 - CACHOEIRINHA;;;8
237;1980;BCO.BRADESCO AGENCIA - 1980-1- CAMAQUA;;;1
237;1987;AGENCIA BRADESCO 1987 CASCAVEL;;;
237;2074;BANCO BRADESCO AGENCIA- 2074-5 - VENANCIO AIRES;;;5
237;2076;BANCO BRADESCO AGENCIA- 2076-1 - LAGES;;;1
237;2128;BCO.BRADESCO AGENCIA - 2128- 8 - CAMAQUA;;;8
237;2151;BANCO BRADESCO AG 2151-2 - ITAJAÍ;;;2
237;2162;BCO.BRADESCO AGENCIA - 2162-8 - FLORES DA CUNHA;;;8
237;2166;BANCO BRADESCO AGENCIA- 2166 - ESTRELA;;;
237;2183;BCO.BRADESCO AGENCIA - 2183- SHARLAU;;;
237;2193;BANCO BRADESCO AG 2193-8 PORTO ALEGRE;;;8
237;2227;BANCO BRADESCO AG 2227-6 ITAJAI;;;6
237;2263;BANCO BRADESCO AGENCIA- 2263 - 2 - HORIZONTINA;;;2
237;2270;AGENCIA BRADESCO 2270-5;;;5
237;2276;AGENCIA BRADESCO 2276 - 4-CARLOS GOMES-PORTO ALEGRE;;;4
237;2385;PASSO FUNDO;;;
237;2468;BANCO BRADESCO AGENCIA- 2468 - 6 - PORTO ALEGRE;;;6
237;2495;BCO.BRADESCO AG 2495-3-PRIME SAO PAULO;;;3
237;2603;BANCO BRADESCO AGENCIA- 2603 - 4 PORTO ALEGRE;;;4
237;2648;BCO.BRADESCO AGENCIA 2648-LONDRINA;;;
237;2659;AGENCIA BRADESCO 2659;;;
237;2794;BANCO BRADESCO AG 2794-4 PATO BRANCO;;;4
237;2824;BANCO BRADESCO AG 28240 SAO CARLOS SP;;;0
237;2869;BCO.BRADESCO AGENCIA - 2869 - CAXIAS DO SUL;;;
237;2888;BANCO BRADESCO AGENCIA- 2888-6 - PORTO ALEGRE;;;6
237;2890;BANCO BRADESCO AGENCIA - 2890-8- NOVO HAMBURGO;;;8
237;2907;BANCO BRADESCO AGENCIA- 2907 - 6 - ALVORADA;;;6
237;2932;BANCO BRADESCO AG 2932-7 PORTO ALEGRE;;;7
237;2941;BANCO BRADESCO AGENCIA- 2941 - SANTA MARIA;;;
237;2954;BANCO BRADESCO AGENCIA- 2954 - 8 - GUAPORE;;;8
237;3097;BANCO BRADESCO AG 3097 PELOTAS;;;
237;3125;BCO.BRADESCO AGENCIA - 3125-9 NOVA SANTA RITA;;;9
237;3143;BANCO BRADESCO AGENCIA- 3143 - 7 - PORTO ALEGRE;;;7
237;3145;BANCO BRADESCO AG 3145-3 PORTO ALEGRE;;;3
237;3152;BANCO BRADESCO AGENCIA- 3152-6 - NOVO HAMBURGO;;;6
237;3153;BANCO BRADESCO-AG 3153-4;;;4
237;3157;BANCO BRADESCO AGENCIA - 3157-7 LIVRAMENTO;;;7
237;3159;BCO.BRADESCO AGENCIA - 3159-3- URUGUAIANA;;;3
237;3194;BANCO BRADESCO AGENCIA- 3194 -1 - CARLOS BARBOSA;;;1
237;3236;BANCO BRADESCO AG 3236-0 CAXIAS DO SUL;;;0
237;3244;BANCO BRADESCO AG-3244-1 PRAIME PETROPOLIS RJ;;;1
237;3268;BCO.BRADESCO AGENCIA - 3268-9- ALEGRETE;;;9
237;3269;BCO.BRADESCO AGENCIA - 3269-7 BENTO GONCALVES;;;7
237;3270;BCO.BRADESCO AGENCIA - 3270-0 - CACHOEIRA;;;0
237;3271;BANCO BRADESCO AGENCIA- 3271 - 9 CANOAS;;;9
237;3272;BCO.BRADESCO AGENCIA - 3272-7- CARAZINHO;;;7
237;3273;BANCO BRADESCO AGENCIA-3273-5 - SALTO DO JACUI;;;5
237;3274;BCO.BRADESCO AGENCIA - 3274 - ERECHIM;;;
237;3275;BCO.BRADESCO AGENCIA - 3275 - 1 - IJUI;;;1
237;3276;BANCO BRADESCO AGENCIA- 3276 - 0 SANTA ROSA;;;0
237;3277;BCO.BRADESCO AGENCIA - 3277-8 - SANTO ANGELO;;;8
237;3278;BCO.BRADESCO AGENCIA - 3278-6- SAO BORJA;;;6
237;3279;BANCO BRADESCO AGENCIA - 3279- SAO GABRIEL;;;
237;3280;AGENCIA BRADESCO 3280-8 TOLEDO;;;8
237;3283;BANCO BRADESCO AGENCIA - 3283-2 PATO BRANCO;;;2
237;3301;ITAJAI;;;
237;3375;BANCO BRADESCO AGENCIA- 3375-1 - IJUI;;;1
237;3418;AGENCIA BRADESCO PRIME 3418;;;
237;3495;BANCO BRADESCO AG 3495 MARAU;;;
237;3510;BANCO BRADESCO AG 3510 BENTO GONCALVES;;;
237;3565;BANCO BRADESCO AG 3565-3 PORTO ALEGRE;;;3
237;3595;BANCO BRADESCO AG 3495-9 CAMPOS NOVOS;;;9
237;3750;BANCO BRADESCO NEXT 3750;;;
237;3871;AGENCIA 3871 BRADESCO NEXT;;;
237;3875;BANCO BRADESCO AGENCIA- 3875 - 1 IJUI;;;1
237;3881;BANCO BRADESCO AG 3881-4  - PONTA GROSSA;;;4
237;3962;BANCO BRADESCO AG 3962-4 ITAJAI;;;4
237;3980;AGENCIA 3980 BRADESCO;;;
237;3993;BANCO BRADESCO AGENCIA- 3993 - SĂO MATEUS DO SUL;;;
237;4499;AGENCIA SAO PAULO 4499;;;
237;5701;AGENCIA BRADESCO 5701-0 CASCAVEL;;;0
237;5706;BANCO BRADESCO AGENCIA - 5706 CORONEL VIVIDA;;;
237;5827;BANCO BRADESCO AGENCIA- 5827 - 0 CORONEL VIVIDA;;;0
237;5842;BANCO BRADESCO AGENCIA- 5842- 4 - MARMELEIRO;;;4
237;5852;BANCO BRADESCO AGENCIA - 5852-1-REALEZA;;;1
237;5861;BANCO BRADESCO AGENCIA-5861-STO ANTONIO DO SULDESTE;;;
237;5919;BANCO BRADESCO AGENCIA- 5919- 6 - SĂO FRANCISCO DE ASSIS;;;6
237;5921;BANCO BRADESCO AGENCIA- 5921-8 - CHARQUEADAS;;;8
237;5931;BANCO BRADESCO AGENCIA - 5931 - ESPUMOSO;;;
237;5934;BANCO BRADESCO AGENCIA-5934 - HORIZONTINA;;;
237;5942;BANCO BRADESCO AGENCIA - 5942-0- STA VITORIA DO PALMAR;;;0
237;5945;BANCO BRADESCO AGENCIA- 5945 - 5 SĂO JERONIMO;;;5
237;5949;BANCO BRADESCO AGENCIA- 5949 -8 - RONDA ALTA;;;8
237;6006;BANCO BRADESCO AGENCIA- 6006 - DOIS VIZINHOS;;;
237;6051;BANCO BRADESCO AGENCIA-6051 - TAPEJARA;;;
237;6075;BANCO BRADESCO AGENCIA- 6075 - PINHAO;;;
237;6088;BCO.BRADESCO AGENCIA - 6088-7 - FRANCISCO BELTRAO;;;7
237;6240;AGENCIA 6240 BRADESCO PRIME;;;
237;6332;BANCO BRADESCO AG 6332- RIO DE JANEIRO;;;
237;6432;BANCO BRADESCO AGENCIA-6432-7 - PATO BRANCO;;;7
237;6454;BANCO BRADESCO AGENCIA- 6454-8 - PONTA GROSSA;;;8
237;6465;BANCO BRADESCO AGENCIA- 6465 - PRUDENTOPOLIS;;;
237;6510;BANCO BRADESCO AGENCIA- 6510 - 2 - PORTO ALEGRE;;;2
237;6521;BANCO BRADESCO AGENCIA- 6521- 8 - SAO LEOPOLDO;;;8
237;6608;BANCO BRADESCO AG 6608-7 - PONTA GROSSA;;;7
237;6750;BANCO BRADESCO AGENCIA - 6750-4-UNIAO DA VITORIA;;;4
237;6945;BANCO BRADESCO AG 6945-0 -POUSO REDONDO;;;0
237;7160;AGENCIA 7160 BRADESCO NEXT;;;
237;7171;BANCO BRADESCO AGENCIA-7171-4 - ALEGRETE;;;4
237;7173;BANCO BRADESCO AGENCIA - 7173-0- BENTO GONCALVES;;;0
237;7174;BANCO BRADESCO AGENCIA - 7174-9- CACHOIRINHA;;;9
237;7177;BANCO BRADESCO AGENCIA- 7177-3 - UCANOAS;;;3
237;7178;BCO.BRADESCO AGENCIA 7178-8-CARAZINHO;;;8
237;7182;BANCO BRADESCO AGENCIA- 7182 - ESTEIO;;;
237;7187;BANCO BRADESCO AGĘNCIA -7187-CACHOEIRINHA;;;0
237;7194;BANCO BRADESCO AG. 7194-3;;;
237;7195;BANCO BRADESCO AGENCIA- 7195 - PELOTAS;;;
237;7198;BANCO BRADESCO AG 7198-6 - VIAMAO;;;6
237;7202;BCO.BRADESCO AGENCIA - 7202-8 PORTO ALEGRE;;;8
237;7211;BCO.BRADESCO AGENCIA 7211-7 - RIO GRANDE;;;7
237;7213;BCO.BRADESCO - AGENCIA - 7213-3-STA.MARIA;;;
237;7217;BCO.BRADESCO AGENCIA - 7217-6 - SĂO GABRIEL;;;6
237;7218;BANCO BRADESCO AGENCIA- 7218 - 4-SAO LEOPOLDO;;;4
237;7220;BANCO BRADESCO AGENCIA- 7220-6- CAXIAS DO SUL;;;6
237;7221;BCO.BRADESCO AGENCIA - 7221-4 - VACARIA;;;4
237;7227;BANCO BRADESCO AGENCIA - 7227-3- CORREIA PINTO;;;3
237;7234;BANCO BRADESCO AGENCIA- 7234- CONCORDIA;;;
237;7237;BANCO BRADESCO AG 7237 SERAFINA CORREA;;;
237;7252;BANCO BRADESCO AG 7252 ITAJAI;;;
237;7260;BCO.BRADESCO AGENCIA - 7260-5 - LAGES;;;5
237;7264;BANCO BRADESCO AGĘNCIA - 7264-8 - MORRO DA FUMACA;;;8
237;7267;BANCO BRADESCO AGENCIA- 7267-2 - OTACILIO COSTA;;;2
237;7275;BANCO BRADESCO AGENCIA - 7275-3 S. LOURENÇO DO OESTE;;;3
237;7346;BCO.BRADESCO AGENCIA - 7346-6 - SANTO ANGELO;;;6
237;8770;AGENCIA BRADESCO 8770 GRAVATAI;;;
237;13064;ROSARIO DO SUL;;;
237;16357;DOM PEDRITO;;;
237;34959;BANCO BRADESCO AG 3495-9 CAMPOS NOVOS;;;
341;3748;BCO.ITAU AG - 3748 - MORUMBI - SĂO PAULO;;;
341;3755;BANCO ITAU - AG - 3755- PERSONALITE MOEMA - SP;;;
341;3758;BANCO ITAU - AGENCIA - 3758 - STO.AMARO - SP;;;
341;3779;BANCO ITAU - AGENCIA 3779-PIRAI DO SUL-PR;;;
341;3789;BCO ITAU;;;
380;1;AGENCIA 0001 BANCO PICPAY;;;
399;5;PONTA GROSSA;;;
399;15;P.FUNDO;;;5
399;32;CASCAVEL;;;
399;47;FRANCISCO BELTR;;;
399;48;PATO BRANCO;;;
399;54;BANCO HSBC - AG 0054 - CURITIBA - PR;;;
399;62;BANCO HSBC-AG 0062-UNIAO DA VITORIA;;;
399;66;TOLEDO;;;
399;69;HSBC - 0069 - GUARAPUAVA - PR;;;
399;77;NOVA RUSSIA;;;
399;83;BCO.HSBC- AGENCIA 083- DOIS VIZINHOS - PR;;;
399;86;BANCO HSBC - AG 0086 - LARANJEIRAS DO SUL - PR;;;
399;117;BANCO HSBC AG 117 - REALEZA - PR;;;
399;128;BLUMENAU;;;
399;129;BANCO HSBC-AGENCIA 129 - CAÇADOR - SC;;;
399;130;CHAPECO;;;
399;133;BCO.HSBC - AGENCIA 133-CURITIBANOS - SC;;;
399;134;SAO JOSE;;;
399;141;JOINVILLE;;;
399;142;LAGES;;;
399;143;CORAL;;;
399;144;MAFRA;;;
399;150;BCO.HSBC - AGENCIA - 0150- SĂO LOURENÇO DO OESTE -;;;
399;153;CARAZINHO;;;
399;154;CRUZ ALTA;;;
399;155;P.FUNDO;;;
399;156;PELOTAS;;;
399;157;CENTRO;;;
399;159;RIO GRANDE;;;
399;160;SANTA MARIA;;;
399;161;SANTO ANGELO;;;
399;162;BANCO HSBC-AGENCIA 0162-VACARIA;;;
399;273;BANCO HSBC-AG 273-IJUI;;;
399;303;BANCO HSBC - AG 303-PORTO ALEGRE;;;
399;325;NOVO HAMBURGO;;;
399;359;BCO.HSBC-AG-359- LAPA - PR;;;
399;381;BCO. HSBC - AGENCIA 381 - PALMEIRA - PR;;;
399;395;BCO.HSBC - AGENCIA 395-19 -PALMAS - PR;;;19
399;470;SAO MIGUEL;;;
399;471;XANXERE;;;
399;472;BANCO HSBC- AG 0472-CLEVELANDIA - PR;;;
399;474;CANOAS;;;
399;483;BCO.HSBC - AG 483 -SAO BORJA;;;
399;488;PONTE AMIZADE;;;
399;497;SAO LEOPOLDO;;;
399;505;ALEGRETE;;;
399;506;BANCO HSBC-AG 0506-URUGUAIANA;;;
399;622;MARAU;;;
399;684;CONCORDIA;;;
399;939;HSBC AG-939 -BAGE;;;
399;1040;CANOINHAS;;;
399;1053;ERECHIM;;;
399;1078;BANCO HSBC- AG 1078 - VIDEIRA - SC;;;
399;1140;BENTO GONCALVES;;;
399;1143;BANCO HSBC - AGENCIA 1143-CORREIA PINTO;;;
399;1144;BANCO HSBC - AG 1144 - OTACILIO COSTA;;;
399;1209;LIVRAMENTO;;;
399;1210;CAXIAS DO SUL;;;
399;1231;PROTASIO ALVES;RS;1;
399;1244;BANCO HSBC-AG 1244 - LAJEADO - RS;;;
399;1280;CAMPOS NOVOS;;;
399;1285;BCO.HSBC - AG 1285 - SANTIAGO;;;
399;1288;BCO.HSBC - AG 1288 - CACHOEIRINHA - RS;;;
399;1303;ARARANGUA;;;
399;1330;GRAVATAI;;;
399;1340;SAO JOSE;;;
399;1386;HSBC AG 1386- SANTA CRUZ DO SUL;;;
399;1400;BCO.HSBC- AGENCIA 1400-SAPIRANGA DO SUL-RS;;;
399;1415;ESTEIO;;;
399;1505;BANCO HSBC-AG 1505- FRAIBURGO;;;
399;1526;BANCO HSBC- AG 1526 - MONTENEGRO -RS;;;
399;1536;HSBC-AG 1536 CAMAQUA;;;
399;1548;BANCO HSBC- AG 1548 - SĂO GABRIEL;;;
399;1550;PASSO FUNDO;;;
399;1579;BANCO HSBC- AG 1579 - PANAMBI;;;
399;1832;BAL. CAMBORIU;;;
399;2648;BCO.BRADESCO AGENCIA 2648-LONDRINA;;;
399;3125;BANCO BRADESCO AG. 3125-9;;;9
399;5701;AGENCIA BRADESCO 5701-0 CASCAVEL;;;0
399;6840;CONCORDIA;;;
399;7211;BCO.BRADESCO AGENCIA 7211-7 - RIO GRANDE;;;7
399;7213;BCO.BRADESCO - AGENCIA - 7213-3-STA.MARIA;;;
399;14160;COLISEU;;;
409;104;BANCO UNIBANCO - AG 104 - SAO PAULO;;;
409;2291;SANTA CRUZ SUL;;;
409;2450;BAGE;;;
409;2712;URUGUAIANA;;;
409;3433;BENTO GONCALVES;;;
409;4251;FARROUPILHA;;;
409;4560;MONTENEGRO;;;
449;449;AGENCIA SAO PAULO 4499;;;
479;0;MOINHOS D VENTO;;;3
479;3;MOINHOS D VENTO;;;
641;493;CURITIBA;;;
641;2367;PASSO FUNDO;;;
745;23;BCO.CITIBANK- AGENCIA 023-FUNCHAL;;;
748;24;BANCO SICREDI AGENCIA- 024 - SOLEDADE;;;
748;100;BCO.SICREDI AGENCIA 100-9 - SĂO JERONIMO;;;9
748;101;BANCO SICREDI AGENCIA- 0101 - SĂO FRANCISCO DE ASSIS;;;
748;108;BANCO SICREDI AGENCIA- 0108 - BENTO GONÇALVES;;;
748;109;BCO.SICREDI - AGENCIA 0109-TAQUARA - RS;;;
748;116;BCO.SICREDI AG- 116 - CACHOEIRINHA;;;
748;119;BCO.SICREDI AG - 119 - TRIUNFO - RS;;;
748;122;BANCO SICREDI - AG 1222- VACARIA;;;2
748;136;BCO.SICREDI AG- 136 - ENCANTADO - RS;;;
748;140;BANCO SICREDI - AG 1409 SANTO ANGELO;;;9
748;155;BCO.SICREDI AG- 0155 - PORTO ALEGRE;;;
748;156;BCO.SICREDI AGENCIA - 156 - STA CRUZ DO SUL;;;
748;167;BCO.SICREDI AGENCIA - 167 -BENTO GONÇALVES;;;
748;168;BANCO SICREDI AGENCIA- 0168 - BENTO GONÇALVES;;;
748;179;BANCO SICREDI AGENCIA- 0179 - LAJEADO;;;
748;211;BCO.SICREDI - AGENCIA 211 -CARAZINHO-RS;;;
748;217;BANCO SICREDI - AGENCIA 0217;;;
748;218;BCO.SICREDI - AGENCIA 218-ESPUMOSO - RS;;;
748;221;BANCO SICREDI AGENCIA - 0221- GETULIO VARGAS;;;
748;226;BCO.SICREDI - AGENCIA 0226-MARAU;;;
748;228;BANCO SICREDI - AG 0228;;;
748;229;BANCO SICREDI-AGENCIA 229-LAGOA VERMELHA;;;
748;230;BCO.SICREDI - AGENCIA 0230-FREDERICO;;;
748;237;BANCO SICREDI - AG 237 FREDERICO;;;
748;247;BANCO SICREDI AGENCIA - 0247 ARVOREZINHA;;;04
748;258;BCO.SICREDI - AGENCIA 258-CORONEL FREITAS;;;
748;259;BCO.SICREDI - AGENCIA 259-LAGOA VERMEHA;;;
748;268;BCO.SICREDI - AGENCIA 268- NOVA PATA;;;
748;269;BANCO SICREDI AGENCIA- 0269 - VACARIA;;;
748;285;BANCO SICREDI - AGENCIA 0285  - XAXIM;;;
748;306;BANCO SICREDI - CRISSIUMAL;;;
748;307;BCO.SICREDI AG- 307 - SANTO ANGELO;;;
748;313;BCO.SICREDI AGENCIA - 0313 - TRES PASSOS;;;
748;333;BCO.SICREDI AGENCIA - 333-CRUZ ALTA;;;
748;361;BCO.SICREDI - AGENCIA 361- IJUI - RS;;;
748;403;BCO.SICREDI AGENCIA - 403- ARROIO DO TIGRE;;;
748;407;BANCO SICREDI - AGENCIA 407  - SANTIAGO;;;
748;434;BCO.SICREDI - AGENCIA 0434- STA MARIA;;;
748;437;BCO.SICREDI AGENCIA - 0437 - JAGUARI;;;
748;516;BANCO SICREDI - AGENCIA 516  - RIO PARDO;;;
748;523;BCO.SICREDI - AGENCIA 523 - ALEGRETE;;;
748;533;BANCO SICREDI AGENCIA- 0533 - ROSARIO;;;
748;539;BANCO SICREDI-AGENCIA 539-BENTO GONCALVES;;;
748;544;BANCO SICREDI - AGENCIA 0544 - IBIRUBA;;;
748;651;BCO.SICREDI - AGENCIA 651-BAGE - RS;;;
748;663;BCO.SICREDI AGENCIA 663-RIO GRANDE;;;
748;703;BANCO SICREDI AGENCIA - 0703- PINHAO;;;
748;704;AGENCIA SICREDI 0704 NOVA SANTA ROSA;;;
748;707;BANCO SICREDI - AG 7074 AMPERE;;;4
748;710;BANCO SICREDI AGENCIA- 0710 - CASCAVEL;;;
748;719;BCO.SICREDI - AGENCIA 719- PRUDENTOPOLIS;;;
748;725;BCO.SICREDI - AG- 0725 - CANOINHAS - SC;;;
748;726;SICREDI IBIRAIARAS 0726;;;
748;727;BANCO SICREDI AGENCIA - 0727- LARANJEIRAS DO SUL;;;
748;730;BCO.SICREDI AG - 730 - PALMEIRA;;;
748;734;BANCO SICREDI AGENCIA - 0734- ABELARDO LUZ;;;
748;737;BCO.SICREDI - AGENCIA 737- CLEVELANDIA;;;
748;738;BANCO SICREDI AG- 0738 - REALEZA;;;
748;740;BCO.SICREDI AGENCIA - 0740 - SAO LOURENCO DO OESTE;;;
748;779;BCO.SICREDI AGENCIA 779 - UNIĂO VITORIA - PR;;;
748;1016;BANCO SICREDI - AGENCIA 1016 - TAQUARI;;;
748;1052;BANCO SICREDI - AGENCIA 1052 - SERAFINA CORREA;;;
748;1055;BCO.SICREDI AGENCIA - 1055 - TRES PASSOS;;;
748;1058;BCO.SICREDI AGENCIA - 1058 - SELBACH;;;
748;1060;BANCO SICREDI AGENCIA- 1060 -BARROS CASSAL;;;
748;1063;BANCO SICREDI - AGENCIA 1063 - NONOAI;;;
748;1082;BANCO SICREDI AGENCIA -1082-BOA VISTA DO BURICA;;;
748;1094;BANCO SICREDI - AGENCIA 1094 -TRES PASSOS;;;
748;1095;BANCO SICREDI - AGENCIA 1095  - CHAPADA;;;
748;1131;BANCO SICREDI - AGENCIA 1131  - QUARAI;;;
748;1132;BANCO SICREDI - AGENCIA 1132 - ROSARIO DO SUL;;;
748;1135;BANCO SICREDI AGENCIA - 1135 - CAMAQUA;;;
748;1140;BANCO SICREDI AGENCIA- 1140 - LIVRAMENTO;;;
748;1152;BCO.SICREDI AGENCIA - 1152 - MONTENEGRO;;;
748;1159;BANCO SICREDI AGENCIA - 1159- ANTONIO PRADO;;;
748;1180;BCO.SICREDI -AGENCIA -1180-ZONA SUL;;;
748;1272;BANCO SICREDI - AGENCIA 1272-SANTA MARIA;;;
748;1274;BCO.SICREDI AGENCIA 1274- STA. MARIA;;;
748;1317;BANCO SICREDI - AGENCIA 1317-TRIUNFO;;;
748;1377;BCO.SICREDI AGENCIA 1377- FREDERICO;;;
748;1378;BANCO SICREDI AGENCIA- 1378 - CARAZINHO;;;
748;1411;BANCO SICREDI AGENCIA- 1411 - SAO BORJA;;;
748;1462;BCO.SICREDI AGENCIA - 1462 - BAGEI;;;
748;1478;BANCO SICREDI - AG 1478 SAO CRISTOVAO;;;
748;1489;BCO.SICREDI AGENCIA 1489-ALEGRETE;;;
748;1508;BANCO SICREDI AGENCIA - 1508- CUNHA PORA;;;
748;1525;BANCO SICREDI AGENCIA - 1525 - SĂO LOURENCO DO OESTE;;;
748;1529;BCO.SICREDI AGENCIA 1529-CONCORDIA;;;
748;1533;BANCO SICREDI - AGENCIA 1533 - XAXIM;;;
748;1536;BANCO SICREDI AGENCIA- 1536 - CANOINHAS;;;
748;1734;BANCO BRADESCO AGENCIA- 1734- ABELARDO LUZ;;;
748;1753;BANCO SICREDI AGENCIA- 1753 - CANDELARIA;;;
748;2604;BANCO SICREDI - AGENCIA 2604 - SIDEROPOLIS;;;
748;2858;BCO.SICREDI AGENCIA - 2858 - XAXIM;;;
748;3272;BANCO SICREDI AGENCIA- 3272 - 7 - CARAZINHO;;;7
748;3727;BANCO SICREDI AGENCIA - 3727-CONCORDIA;;;
748;3737;BANCO SICREDI - AGENCIA 3737  - SANTA ROSA;;;
748;5516;BANCO SICREDI AGENCIA- 5516 - AMPERE;;;
748;5525;BANCO SICREDI AGENCIA - 5525- SAO SEPE;;;
748;7044;BANCO SICREDI - AGENCIA 7044 - SANTO ANTONIO DO SULDESTE;;;
748;7108;BANCO SICREDI - AGENCIA 7108 - BARRACAO;;;
748;7208;BANCO SICREDI AGENCIA - 7208- UNIAO DA VITORIA;;;
748;8433;BANCO SICREDI AGENCIA - 8433 - SANTA MARIA;;;
748;8434;BANCO SICREDI AGENCIA - 8434 - SANTA MARIA;;;
748;39531;BANCO SICREDI - AGENCIA 0730  - PONTA GROSSA;;;4
797;797;BANCO BRADESCO AGENCIA 797 PARANA;;;8
1274;1274;BCO.SICREDI AGENCIA 1274- STA. MARIA;;;
2824;2824;BANCO BRADESCO AG 28240 SAO CARLOS SP;;;
4499;4499;AGENCIA SAO PAULO 4499;;;
78511;7194;AGENCIA 7194-3 PASSO FUNDO;;;3
127205;3278;AGENCIA 3278 - SAO BORJA;;;
4309106;449;AGENCIA SAO PAULO 4499;;;
